shape,heur_ms,current_ms,new_ms,decision,chosen_ms,gain_vs_current,current_solver,new_solver
nn_1536_1024_5120_ld_1536_5120_1536,0.859767,0.853908,0.698575,new,0.698575,1.2224,,Gemm_Rocblas_-1086327943
nn_1536_1037_5120_ld_1536_5120_1536,0.864358,0.863638,0.761655,new,0.761655,1.1339,,Gemm_Rocblas_-1086327921
nn_1536_2048_5120_ld_1536_5120_1536,1.362288,1.368998,1.373168,dropped,,1.0000,,Default
nn_1536_225_5120_ld_1536_5120_1536,0.317177,0.323586,0.255165,new,0.255165,1.2681,,Gemm_Rocblas_-1086327985
nn_1_1024_2560_ld_1_2560_1,0.072151,0.024800,0.076891,current,0.024800,1.0000,Gemm_Rocblas_-9,
nn_1_1025_2560_ld_1_2560_1,0.071861,0.024680,0.075851,current,0.024680,1.0000,Gemm_Rocblas_-9,
nn_1_1026_2560_ld_1_2560_1,0.071722,0.024760,0.076232,current,0.024760,1.0000,Gemm_Rocblas_-9,
nn_1_1027_2560_ld_1_2560_1,0.071592,0.024681,0.076512,current,0.024681,1.0000,Gemm_Rocblas_-9,
nn_1_1028_2560_ld_1_2560_1,0.071281,0.024761,0.075812,current,0.024761,1.0000,Gemm_Rocblas_-9,
nn_1_1029_2560_ld_1_2560_1,0.071621,0.024680,0.076511,current,0.024680,1.0000,Gemm_Rocblas_-9,
nn_1_1030_2560_ld_1_2560_1,0.071881,0.024760,0.076481,current,0.024760,1.0000,Gemm_Rocblas_-9,
nn_1_1031_2560_ld_1_2560_1,0.071851,0.024681,0.076702,current,0.024681,1.0000,Gemm_Rocblas_-9,
nn_1_1033_2560_ld_1_2560_1,0.072211,0.024761,0.076612,current,0.024761,1.0000,Gemm_Rocblas_-9,
nn_1_1036_2560_ld_1_2560_1,0.072082,0.024681,0.076681,current,0.024681,1.0000,Gemm_Rocblas_-9,
nn_1_1039_2560_ld_1_2560_1,0.072162,0.024761,0.076431,current,0.024761,1.0000,Gemm_Rocblas_-9,
nn_1_1042_2560_ld_1_2560_1,0.072341,0.024721,0.076512,current,0.024721,1.0000,Gemm_Rocblas_-9,
nn_1_1045_2560_ld_1_2560_1,0.072131,0.024841,0.076812,current,0.024841,1.0000,Gemm_Rocblas_-9,
nn_1_1125_2560_ld_1_2560_1,0.070961,0.025000,0.076282,current,0.025000,1.0000,Gemm_Rocblas_-9,
nn_1_121_2560_ld_1_2560_1,0.072652,0.020240,0.076761,current,0.020240,1.0000,Gemm_Rocblas_-9,
nn_1_1264_2560_ld_1_2560_1,0.075611,0.027161,0.079831,current,0.027161,1.0000,Gemm_Rocblas_-9,
nn_1_1295_2560_ld_1_2560_1,0.075391,0.027201,0.080011,current,0.027201,1.0000,Gemm_Rocblas_-9,
nn_1_12_2560_ld_1_2560_1,0.072522,0.020640,0.076961,current,0.020640,1.0000,Gemm_Rocblas_-9,
nn_1_1323_2560_ld_1_2560_1,0.075192,0.027320,0.080252,current,0.027320,1.0000,Gemm_Rocblas_-9,
nn_1_1324_2560_ld_1_2560_1,0.075462,0.027280,0.080051,current,0.027280,1.0000,Gemm_Rocblas_-9,
nn_1_1325_2560_ld_1_2560_1,0.075442,0.027321,0.079582,current,0.027321,1.0000,Gemm_Rocblas_-9,
nn_1_1392_2560_ld_1_2560_1,0.076302,0.027601,0.080891,current,0.027601,1.0000,Gemm_Rocblas_-9,
nn_1_1399_2560_ld_1_2560_1,0.076101,0.027520,0.081112,current,0.027520,1.0000,Gemm_Rocblas_-9,
nn_1_1445_2560_ld_1_2560_1,0.081382,0.029281,0.086352,current,0.029281,1.0000,Gemm_Rocblas_-9,
nn_1_1495_2560_ld_1_2560_1,0.079822,0.029520,0.084691,current,0.029520,1.0000,Gemm_Rocblas_-9,
nn_1_1693_2560_ld_1_2560_1,0.084562,0.030241,0.089692,current,0.030241,1.0000,Gemm_Rocblas_-9,
nn_1_16_2560_ld_1_2560_1,0.072542,0.020121,0.077472,current,0.020121,1.0000,Gemm_Rocblas_-9,
nn_1_1888_2560_ld_1_2560_1,0.087622,0.039001,0.092502,current,0.039001,1.0000,Gemm_Rocblas_-9,
nn_1_1968_2560_ld_1_2560_1,0.087971,0.038840,0.091852,current,0.038840,1.0000,Gemm_Rocblas_-9,
nn_1_1969_2560_ld_1_2560_1,0.088372,0.039001,0.093082,current,0.039001,1.0000,Gemm_Rocblas_-9,
nn_1_1_2560_ld_1_2560_1,0.074092,0.025600,0.078201,current,0.025600,1.0000,Gemm_Rocblas_-9,
nn_1_2045_2560_ld_1_2560_1,0.088152,0.039161,0.092652,current,0.039161,1.0000,Gemm_Rocblas_-9,
nn_1_2046_2560_ld_1_2560_1,0.088112,0.038961,0.093632,current,0.038961,1.0000,Gemm_Rocblas_-9,
nn_1_2047_2560_ld_1_2560_1,0.088222,0.038881,0.092662,current,0.038881,1.0000,Gemm_Rocblas_-9,
nn_1_2048_2560_ld_1_2560_1,0.087982,0.039081,0.092392,current,0.039081,1.0000,Gemm_Rocblas_-9,
nn_1_2066_2560_ld_1_2560_1,0.088412,0.038841,0.093642,current,0.038841,1.0000,Gemm_Rocblas_-9,
nn_1_2069_2560_ld_1_2560_1,0.087702,0.038920,0.093022,current,0.038920,1.0000,Gemm_Rocblas_-9,
nn_1_225_2560_ld_1_2560_1,0.072531,0.020120,0.076761,current,0.020120,1.0000,Gemm_Rocblas_-9,
nn_1_240_2560_ld_1_2560_1,0.073101,0.019921,0.077701,current,0.019921,1.0000,Gemm_Rocblas_-9,
nn_1_24_2560_ld_1_2560_1,0.072732,0.020320,0.077371,current,0.020320,1.0000,Gemm_Rocblas_-9,
nn_1_2_2560_ld_1_2560_1,0.073812,0.021840,0.079061,current,0.021840,1.0000,Gemm_Rocblas_-9,
nn_1_3073_2560_ld_1_2560_1,0.129293,0.046881,0.133093,current,0.046881,1.0000,Gemm_Rocblas_-9,
nn_1_3074_2560_ld_1_2560_1,0.127293,0.046761,0.132413,current,0.046761,1.0000,Gemm_Rocblas_-9,
nn_1_3075_2560_ld_1_2560_1,0.126522,0.046881,0.130973,current,0.046881,1.0000,Gemm_Rocblas_-9,
nn_1_3076_2560_ld_1_2560_1,0.127083,0.046761,0.135672,current,0.046761,1.0000,Gemm_Rocblas_-9,
nn_1_3077_2560_ld_1_2560_1,0.129183,0.046881,0.131013,current,0.046881,1.0000,Gemm_Rocblas_-9,
nn_1_3078_2560_ld_1_2560_1,0.128683,0.046761,0.137602,current,0.046761,1.0000,Gemm_Rocblas_-9,
nn_1_3079_2560_ld_1_2560_1,0.127803,0.046921,0.134083,current,0.046921,1.0000,Gemm_Rocblas_-9,
nn_1_3081_2560_ld_1_2560_1,0.126113,0.046761,0.134653,current,0.046761,1.0000,Gemm_Rocblas_-9,
nn_1_3084_2560_ld_1_2560_1,0.127412,0.046961,0.135762,current,0.046961,1.0000,Gemm_Rocblas_-9,
nn_1_3087_2560_ld_1_2560_1,0.126213,0.046801,0.136493,current,0.046801,1.0000,Gemm_Rocblas_-9,
nn_1_3090_2560_ld_1_2560_1,0.126043,0.046881,0.132883,current,0.046881,1.0000,Gemm_Rocblas_-9,
nn_1_3093_2560_ld_1_2560_1,0.122493,0.046881,0.133773,current,0.046881,1.0000,Gemm_Rocblas_-9,
nn_1_32_2560_ld_1_2560_1,0.072842,0.020401,0.077711,current,0.020401,1.0000,Gemm_Rocblas_-9,
nn_1_3_2560_ld_1_2560_1,0.072321,0.020920,0.076542,current,0.020920,1.0000,Gemm_Rocblas_-9,
nn_1_4096_2560_ld_1_2560_1,0.165223,0.056521,0.169043,current,0.056521,1.0000,Gemm_Rocblas_-9,
nn_1_43_2560_ld_1_2560_1,0.072542,0.020401,0.078212,current,0.020401,1.0000,Gemm_Rocblas_-9,
nn_1_44_2560_ld_1_2560_1,0.072231,0.020520,0.076631,current,0.020520,1.0000,Gemm_Rocblas_-9,
nn_1_4_2560_ld_1_2560_1,0.072122,0.021040,0.076722,current,0.021040,1.0000,Gemm_Rocblas_-9,
nn_1_56_2560_ld_1_2560_1,0.072361,0.020281,0.077421,current,0.020281,1.0000,Gemm_Rocblas_-9,
nn_1_5_2560_ld_1_2560_1,0.072222,0.020521,0.076562,current,0.020521,1.0000,Gemm_Rocblas_-9,
nn_1_60_2560_ld_1_2560_1,0.072912,0.020401,0.077231,current,0.020401,1.0000,Gemm_Rocblas_-9,
nn_1_64_2560_ld_1_2560_1,0.072551,0.020240,0.077332,current,0.020240,1.0000,Gemm_Rocblas_-9,
nn_1_692_2560_ld_1_2560_1,0.074811,0.023560,0.078441,current,0.023560,1.0000,Gemm_Rocblas_-9,
nn_1_6_2560_ld_1_2560_1,0.072211,0.020921,0.076651,current,0.020921,1.0000,Gemm_Rocblas_-9,
nn_1_701_2560_ld_1_2560_1,0.073802,0.022041,0.077892,current,0.022041,1.0000,Gemm_Rocblas_-9,
nn_1_704_2560_ld_1_2560_1,0.073482,0.022040,0.077572,current,0.022040,1.0000,Gemm_Rocblas_-9,
nn_1_784_2560_ld_1_2560_1,0.072872,0.022200,0.078482,current,0.022200,1.0000,Gemm_Rocblas_-9,
nn_1_788_2560_ld_1_2560_1,0.072601,0.022280,0.077842,current,0.022280,1.0000,Gemm_Rocblas_-9,
nn_1_789_2560_ld_1_2560_1,0.073251,0.022320,0.077731,current,0.022320,1.0000,Gemm_Rocblas_-9,
nn_1_7_2560_ld_1_2560_1,0.072552,0.020521,0.076512,current,0.020521,1.0000,Gemm_Rocblas_-9,
nn_1_804_2560_ld_1_2560_1,0.072751,0.022400,0.076562,current,0.022400,1.0000,Gemm_Rocblas_-9,
nn_1_8_2560_ld_1_2560_1,0.072141,0.020560,0.076752,current,0.020560,1.0000,Gemm_Rocblas_-9,
nn_1_9_2560_ld_1_2560_1,0.072462,0.020760,0.077091,current,0.020760,1.0000,Gemm_Rocblas_-9,
nn_256_1024_5120_ld_256_5120_256,0.226735,0.231485,0.144513,new,0.144513,1.6018,,Gemm_Rocblas_-1086327941
nn_256_1037_5120_ld_256_5120_256,0.228124,0.232715,0.140683,new,0.140683,1.6542,,Gemm_Rocblas_-1086327943
nn_256_2048_5120_ld_256_5120_256,0.418109,0.429029,0.230845,new,0.230845,1.8585,,Gemm_Rocblas_-1086327941
nn_256_225_5120_ld_256_5120_256,0.086242,0.091072,0.077061,new,0.077061,1.1818,,Gemm_Rocblas_-1086327940
nn_3072_1024_5120_ld_3072_5120_3072,1.348188,1.356328,1.359068,dropped,,1.0000,,Gemm_Rocblas_-1086327927
nn_3072_1037_5120_ld_3072_5120_3072,1.451029,1.446549,1.436679,dropped,,1.0000,,Gemm_Rocblas_-1086327909
nn_3072_2048_5120_ld_3072_5120_3072,2.637004,2.643964,2.628013,dropped,,1.0000,,Gemm_Rocblas_-1086328177
nn_3072_225_5120_ld_3072_5120_3072,0.495220,0.521511,0.404508,new,0.404508,1.2892,,Gemm_Rocblas_-1086327943
nn_4352_1024_5120_ld_4352_5120_4352,2.067963,2.069562,1.848707,new,1.848707,1.1195,,Gemm_Rocblas_-1086327927
nn_4352_1037_5120_ld_4352_5120_4352,2.314937,2.308387,2.089582,new,2.089582,1.1047,,Gemm_Rocblas_-1086327921
nn_4352_2048_5120_ld_4352_5120_4352,3.721366,3.740816,3.677964,dropped,,1.0000,,Gemm_Rocblas_-1086328131
nn_4352_225_5120_ld_4352_5120_4352,0.537011,0.555362,0.519280,new,0.519280,1.0695,,Gemm_Rocblas_-1086328115
nn_5120_1024_1536_ld_5120_1536_5120,0.618642,0.624623,0.639253,dropped,,1.0000,,Default
nn_5120_1024_4352_ld_5120_4352_5120,1.825047,1.837437,1.822277,dropped,,1.0000,,Gemm_Rocblas_-1086328177
nn_5120_1037_1536_ld_5120_1536_5120,0.738655,0.745375,0.735275,dropped,,1.0000,,Default
nn_5120_1037_4352_ld_5120_4352_5120,2.015161,2.026201,2.002520,dropped,,1.0000,,Gemm_Rocblas_-1086327931
nn_5120_2048_1536_ld_5120_1536_5120,1.284706,1.300297,1.277426,dropped,,1.0000,,Gemm_Rocblas_-1086327911
nn_5120_2048_4352_ld_5120_4352_5120,3.586293,3.616854,3.529472,dropped,,1.0000,,Gemm_Rocblas_-1086328116
nn_5120_225_1536_ld_5120_1536_5120,0.243285,0.246775,0.240965,dropped,,1.0000,,Gemm_Rocblas_-1086327920
nn_5120_225_4352_ld_5120_4352_5120,0.589642,0.594502,0.520561,new,0.520561,1.1420,,Gemm_Rocblas_-1086327943
nn_512_1024_5120_ld_512_5120_512,0.406258,0.448089,0.262745,new,0.262745,1.7054,,Gemm_Rocblas_-1086327916
nn_512_1037_5120_ld_512_5120_512,0.468170,0.487380,0.244245,new,0.244245,1.9955,,Gemm_Rocblas_-1086327943
nn_512_2048_5120_ld_512_5120_512,0.521971,0.496590,0.517291,dropped,,1.0000,,Default
nn_512_225_5120_ld_512_5120_512,0.137843,0.142342,0.097362,new,0.097362,1.4620,,Gemm_Rocblas_-1086327945
tn_10240_1024_2560_ld_2560_2560_10240,9.383753,2.207935,9.651455,current,2.207935,1.0000,Gemm_Rocblas_-1086326047,
tn_10240_1025_2560_ld_2560_2560_10240,10.448904,2.632014,10.732446,current,2.632014,1.0000,Gemm_Rocblas_-1086326045,
tn_10240_1026_2560_ld_2560_2560_10240,11.118218,2.638944,11.441881,current,2.638944,1.0000,Gemm_Rocblas_-1086326045,
tn_10240_1027_2560_ld_2560_2560_10240,10.418463,2.658144,10.752406,current,2.658144,1.0000,Gemm_Rocblas_-1086326045,
tn_10240_1028_2560_ld_2560_2560_10240,9.506655,2.635794,9.682975,current,2.635794,1.0000,Gemm_Rocblas_-1086326045,
tn_10240_1029_2560_ld_2560_2560_10240,10.330911,2.641974,10.809768,current,2.641974,1.0000,Gemm_Rocblas_-1086326045,
tn_10240_1030_2560_ld_2560_2560_10240,11.094597,2.640234,11.552143,current,2.640234,1.0000,Gemm_Rocblas_-1086326045,
tn_10240_1031_2560_ld_2560_2560_10240,10.350153,2.641844,10.709736,current,2.641844,1.0000,Gemm_Rocblas_-1086326045,
tn_10240_1033_2560_ld_2560_2560_10240,10.524365,2.640134,10.868239,current,2.640134,1.0000,Gemm_Rocblas_-1086326045,
tn_10240_1036_2560_ld_2560_2560_10240,9.523076,2.637444,9.732936,current,2.637444,1.0000,Gemm_Rocblas_-1086326045,
tn_10240_1039_2560_ld_2560_2560_10240,10.557766,2.643114,10.831159,current,2.643114,1.0000,Gemm_Rocblas_-1086326045,
tn_10240_1042_2560_ld_2560_2560_10240,11.484136,2.644734,11.604694,current,2.644734,1.0000,Gemm_Rocblas_-1086326045,
tn_10240_1045_2560_ld_2560_2560_10240,10.683169,2.638294,10.802747,current,2.638294,1.0000,Gemm_Rocblas_-1086326045,
tn_10240_1125_2560_ld_2560_2560_10240,2.869219,2.670985,2.884218,current,2.670985,1.0000,Gemm_Rocblas_-1086326045,
tn_10240_121_2560_ld_2560_2560_10240,1.583872,0.376958,1.581252,current,0.376958,1.0000,Gemm_Rocblas_-1086326077,
tn_10240_121_320_ld_320_320_10240,0.124822,0.082931,0.129213,current,0.082931,1.0000,Gemm_Rocblas_-1086326116,
tn_10240_1264_320_ld_320_320_10240,0.414808,0.400328,0.422829,current,0.400328,1.0000,Gemm_Rocblas_-1086326295,
tn_10240_1295_320_ld_320_320_10240,0.450249,0.424239,0.454069,current,0.424239,1.0000,Gemm_Rocblas_-1086326295,
tn_10240_12_2560_ld_2560_2560_10240,0.267295,0.192584,0.266946,current,0.192584,1.0000,Gemm_Rocblas_-1086326157,
tn_10240_12_320_ld_320_320_10240,0.099682,0.044121,0.103662,current,0.044121,1.0000,Gemm_Rocblas_-1086326152,
tn_10240_1323_320_ld_320_320_10240,0.445429,0.419929,0.448249,current,0.419929,1.0000,Gemm_Rocblas_-1086326295,
tn_10240_1324_320_ld_320_320_10240,0.442089,0.419759,0.445639,current,0.419759,1.0000,Gemm_Rocblas_-1086326295,
tn_10240_1325_320_ld_320_320_10240,0.441239,0.420169,0.445209,current,0.420169,1.0000,Gemm_Rocblas_-1086326295,
tn_10240_1392_320_ld_320_320_10240,0.446639,0.422359,0.452310,current,0.422359,1.0000,Gemm_Rocblas_-1086326295,
tn_10240_1399_2560_ld_2560_2560_10240,3.299938,3.268187,3.307336,current,3.268187,1.0000,Gemm_Rocblas_-1086326268,
tn_10240_1399_320_ld_320_320_10240,0.448320,0.423708,0.452179,current,0.423708,1.0000,Gemm_Rocblas_-1086326295,
tn_10240_1445_320_ld_320_320_10240,0.461610,0.468299,0.470119,current,0.468299,1.0000,Gemm_Rocblas_-1086326054,
tn_10240_1693_2560_ld_2560_2560_10240,3.821578,3.853929,3.837988,current,3.853929,1.0000,Gemm_Rocblas_-1086326047,
tn_10240_16_2560_ld_2560_2560_10240,0.270406,0.192964,0.268436,current,0.192964,1.0000,Gemm_Rocblas_-1086326194,
tn_10240_16_320_ld_320_320_10240,0.100422,0.044091,0.103602,current,0.044091,1.0000,Gemm_Rocblas_-1086326178,
tn_10240_1888_320_ld_320_320_10240,0.587452,0.573162,0.595552,current,0.573162,1.0000,Gemm_Rocblas_-1086326295,
tn_10240_1_2560_ld_2560_2560_10240,0.274166,0.136923,0.281866,current,0.136923,1.0000,Gemm_Rocblas_-9,
tn_10240_1_320_ld_320_320_10240,0.124773,0.045801,0.128742,current,0.045801,1.0000,Gemm_Rocblas_-1086326220,
tn_10240_2045_320_ld_320_320_10240,0.605402,0.607162,0.609152,current,0.607162,1.0000,Gemm_Rocblas_-1086326056,
tn_10240_2047_320_ld_320_320_10240,0.604093,0.598592,0.611002,current,0.598592,1.0000,Gemm_Rocblas_-1086326056,
tn_10240_2066_320_ld_320_320_10240,0.639633,0.625953,0.641923,current,0.625953,1.0000,Gemm_Rocblas_-1086326295,
tn_10240_2069_320_ld_320_320_10240,0.640723,0.635743,0.647503,current,0.635743,1.0000,Gemm_Rocblas_-1086326295,
tn_10240_225_2560_ld_2560_2560_10240,2.417140,0.624553,2.415919,current,0.624553,1.0000,Gemm_Rocblas_-1086326077,
tn_10240_225_320_ld_320_320_10240,0.135923,0.113752,0.142883,current,0.113752,1.0000,Gemm_Rocblas_-1086326044,
tn_10240_240_2560_ld_2560_2560_10240,2.347428,0.657783,2.384128,current,0.657783,1.0000,Gemm_Rocblas_-1086326277,
tn_10240_240_320_ld_320_320_10240,0.144523,0.121292,0.150713,current,0.121292,1.0000,Gemm_Rocblas_-1086326070,
tn_10240_24_2560_ld_2560_2560_10240,0.313617,0.202514,0.321606,current,0.202514,1.0000,Gemm_Rocblas_-1086326246,
tn_10240_24_320_ld_320_320_10240,0.100982,0.045861,0.104283,current,0.045861,1.0000,Gemm_Rocblas_-1086326243,
tn_10240_2_2560_ld_2560_2560_10240,0.248345,0.187374,0.250865,current,0.187374,1.0000,Gemm_Rocblas_-1086326223,
tn_10240_2_320_ld_320_320_10240,0.110682,0.043691,0.113812,current,0.043691,1.0000,Gemm_Rocblas_-1086326222,
tn_10240_3076_320_ld_320_320_10240,0.924199,0.936269,0.926039,current,0.936269,1.0000,Gemm_Rocblas_-1086326056,
tn_10240_32_2560_ld_2560_2560_10240,0.319537,0.212394,0.328366,current,0.212394,1.0000,Gemm_Rocblas_-1086326246,
tn_10240_32_320_ld_320_320_10240,0.101982,0.045271,0.105963,current,0.045271,1.0000,Gemm_Rocblas_-1086326242,
tn_10240_3_2560_ld_2560_2560_10240,0.239775,0.172494,0.241075,current,0.172494,1.0000,Gemm_Rocblas_-1086326221,
tn_10240_3_320_ld_320_320_10240,0.102722,0.042291,0.106702,current,0.042291,1.0000,Gemm_Rocblas_-1086326217,
tn_10240_4096_320_ld_320_320_10240,1.152093,1.144683,1.153383,current,1.144683,1.0000,Gemm_Rocblas_-1086326056,
tn_10240_43_2560_ld_2560_2560_10240,0.510881,0.221465,0.524540,current,0.221465,1.0000,Gemm_Rocblas_-1086326097,
tn_10240_43_320_ld_320_320_10240,0.104152,0.058241,0.108622,current,0.058241,1.0000,Gemm_Rocblas_-1086326262,
tn_10240_44_2560_ld_2560_2560_10240,0.503881,0.223984,0.510350,current,0.223984,1.0000,Gemm_Rocblas_-1086326044,
tn_10240_44_320_ld_320_320_10240,0.107152,0.058571,0.111132,current,0.058571,1.0000,Gemm_Rocblas_-1086326262,
tn_10240_4_2560_ld_2560_2560_10240,0.239365,0.165183,0.241365,current,0.165183,1.0000,Gemm_Rocblas_-1086326221,
tn_10240_4_320_ld_320_320_10240,0.099082,0.042801,0.103952,current,0.042801,1.0000,Gemm_Rocblas_-1086326222,
tn_10240_56_2560_ld_2560_2560_10240,0.528351,0.235404,0.541201,current,0.235404,1.0000,Gemm_Rocblas_-1086326044,
tn_10240_56_320_ld_320_320_10240,0.111193,0.059731,0.115903,current,0.059731,1.0000,Gemm_Rocblas_-1086326262,
tn_10240_5_2560_ld_2560_2560_10240,0.244135,0.161684,0.245785,current,0.161684,1.0000,Gemm_Rocblas_-1086326221,
tn_10240_5_320_ld_320_320_10240,0.098692,0.041951,0.103402,current,0.041951,1.0000,Gemm_Rocblas_-1086326215,
tn_10240_60_2560_ld_2560_2560_10240,0.540181,0.241045,0.541371,current,0.241045,1.0000,Gemm_Rocblas_-1086326044,
tn_10240_60_320_ld_320_320_10240,0.112542,0.061521,0.116982,current,0.061521,1.0000,Gemm_Rocblas_-1086326262,
tn_10240_64_2560_ld_2560_2560_10240,0.548561,0.235965,0.556031,current,0.235965,1.0000,Gemm_Rocblas_-1086326044,
tn_10240_64_320_ld_320_320_10240,0.113163,0.058451,0.117893,current,0.058451,1.0000,Gemm_Rocblas_-1086326033,
tn_10240_692_2560_ld_2560_2560_10240,6.272999,1.720615,6.490481,current,1.720615,1.0000,Gemm_Rocblas_-1086326063,
tn_10240_6_2560_ld_2560_2560_10240,0.246356,0.161693,0.250615,current,0.161693,1.0000,Gemm_Rocblas_-1086326218,
tn_10240_6_320_ld_320_320_10240,0.098882,0.043781,0.103542,current,0.043781,1.0000,Gemm_Rocblas_-1086326163,
tn_10240_701_2560_ld_2560_2560_10240,6.813530,1.711305,6.907329,current,1.711305,1.0000,Gemm_Rocblas_-1086326063,
tn_10240_704_2560_ld_2560_2560_10240,6.389921,1.697975,6.496261,current,1.697975,1.0000,Gemm_Rocblas_-1086326063,
tn_10240_784_2560_ld_2560_2560_10240,7.158336,2.053102,7.290917,current,2.053102,1.0000,Gemm_Rocblas_-1086326045,
tn_10240_788_2560_ld_2560_2560_10240,7.182607,2.051381,7.203245,current,2.051381,1.0000,Gemm_Rocblas_-1086326045,
tn_10240_789_2560_ld_2560_2560_10240,7.727578,2.055612,7.925860,current,2.055612,1.0000,Gemm_Rocblas_-1086326045,
tn_10240_7_2560_ld_2560_2560_10240,0.253515,0.161753,0.258505,current,0.161753,1.0000,Gemm_Rocblas_-1086326218,
tn_10240_7_320_ld_320_320_10240,0.098532,0.041881,0.103752,current,0.041881,1.0000,Gemm_Rocblas_-1086326220,
tn_10240_804_2560_ld_2560_2560_10240,7.343890,2.065652,7.428299,current,2.065652,1.0000,Gemm_Rocblas_-1086326045,
tn_10240_8_2560_ld_2560_2560_10240,0.259225,0.162523,0.260045,current,0.162523,1.0000,Gemm_Rocblas_-1086326218,
tn_10240_8_320_ld_320_320_10240,0.098502,0.042441,0.103812,current,0.042441,1.0000,Gemm_Rocblas_-1086326215,
tn_10240_9_2560_ld_2560_2560_10240,0.259245,0.193864,0.262006,current,0.193864,1.0000,Gemm_Rocblas_-1086326159,
tn_10240_9_320_ld_320_320_10240,0.098882,0.043061,0.103792,current,0.043061,1.0000,Gemm_Rocblas_-1086326180,
tn_1152_1568_4608_ld_4608_4608_1152,0.890198,0.871388,0.891328,current,0.871388,1.0000,Gemm_Rocblas_-1086326063,
tn_1152_3136_4608_ld_4608_4608_1152,1.603032,1.611453,1.609262,current,1.611453,1.0000,Gemm_Rocblas_-1086326063,
tn_1152_6272_1536_ld_1536_1536_1152,0.964490,0.966600,0.969219,current,0.966600,1.0000,Gemm_Rocblas_-1086326077,
tn_24_1024_2560_ld_2560_2560_24,0.120523,0.065802,0.125192,current,0.065802,1.0000,Gemm_Rocblas_-1086326202,
tn_24_1024_5120_ld_5120_5120_24,0.210794,0.217004,0.092392,new,0.092392,2.3487,,Gemm_Rocblas_-1086326202
tn_24_1025_2560_ld_2560_2560_24,0.120162,0.065662,0.125192,current,0.065662,1.0000,Gemm_Rocblas_-1086326202,
tn_24_1026_2560_ld_2560_2560_24,0.120353,0.065561,0.125463,current,0.065561,1.0000,Gemm_Rocblas_-1086326202,
tn_24_1027_2560_ld_2560_2560_24,0.120203,0.065632,0.125192,current,0.065632,1.0000,Gemm_Rocblas_-1086326202,
tn_24_1028_2560_ld_2560_2560_24,0.119862,0.066031,0.125682,current,0.066031,1.0000,Gemm_Rocblas_-1086326211,
tn_24_1029_2560_ld_2560_2560_24,0.119883,0.066171,0.125862,current,0.066171,1.0000,Gemm_Rocblas_-1086326202,
tn_24_1030_2560_ld_2560_2560_24,0.120193,0.066022,0.124843,current,0.066022,1.0000,Gemm_Rocblas_-1086326202,
tn_24_1031_2560_ld_2560_2560_24,0.119133,0.065492,0.125622,current,0.065492,1.0000,Gemm_Rocblas_-1086326202,
tn_24_1033_2560_ld_2560_2560_24,0.119633,0.065872,0.125122,current,0.065872,1.0000,Gemm_Rocblas_-1086326202,
tn_24_1036_2560_ld_2560_2560_24,0.119803,0.065651,0.125463,current,0.065651,1.0000,Gemm_Rocblas_-1086326202,
tn_24_1037_5120_ld_5120_5120_24,0.210335,0.215574,0.089372,new,0.089372,2.4121,,Gemm_Rocblas_-1086326139
tn_24_1039_2560_ld_2560_2560_24,0.120363,0.066462,0.125393,current,0.066462,1.0000,Gemm_Rocblas_-1086326211,
tn_24_1042_2560_ld_2560_2560_24,0.120013,0.066211,0.125653,current,0.066211,1.0000,Gemm_Rocblas_-1086326202,
tn_24_1045_2560_ld_2560_2560_24,0.120003,0.065712,0.125453,current,0.065712,1.0000,Gemm_Rocblas_-1086326202,
tn_24_1125_2560_ld_2560_2560_24,0.120682,0.066221,0.125562,current,0.066221,1.0000,Gemm_Rocblas_-1086326202,
tn_24_121_2560_ld_2560_2560_24,0.067072,0.044311,0.071432,current,0.044311,1.0000,Gemm_Rocblas_-1086326201,
tn_24_1264_2560_ld_2560_2560_24,0.121732,0.073581,0.127543,current,0.073581,1.0000,Gemm_Rocblas_-1086326202,
tn_24_1295_2560_ld_2560_2560_24,0.122633,0.074012,0.127022,current,0.074012,1.0000,Gemm_Rocblas_-1086326202,
tn_24_12_2560_ld_2560_2560_24,0.067191,0.042891,0.071861,current,0.042891,1.0000,Gemm_Rocblas_-1086326212,
tn_24_1323_2560_ld_2560_2560_24,0.123392,0.073742,0.126882,current,0.073742,1.0000,Gemm_Rocblas_-1086326202,
tn_24_1324_2560_ld_2560_2560_24,0.122203,0.073621,0.128012,current,0.073621,1.0000,Gemm_Rocblas_-1086326202,
tn_24_1325_2560_ld_2560_2560_24,0.122933,0.073361,0.129242,current,0.073361,1.0000,Gemm_Rocblas_-1086326202,
tn_24_1392_2560_ld_2560_2560_24,0.123852,0.074101,0.128352,current,0.074101,1.0000,Gemm_Rocblas_-1086326202,
tn_24_1399_2560_ld_2560_2560_24,0.123362,0.074061,0.127183,current,0.074061,1.0000,Gemm_Rocblas_-1086326202,
tn_24_1445_2560_ld_2560_2560_24,0.123822,0.073022,0.128482,current,0.073022,1.0000,Gemm_Rocblas_-1086326139,
tn_24_1495_2560_ld_2560_2560_24,0.121872,0.073351,0.128153,current,0.073351,1.0000,Gemm_Rocblas_-1086326139,
tn_24_1693_2560_ld_2560_2560_24,0.123783,0.073662,0.128922,current,0.073662,1.0000,Gemm_Rocblas_-1086326139,
tn_24_16_2560_ld_2560_2560_24,0.067601,0.042751,0.072221,current,0.042751,1.0000,Gemm_Rocblas_-1086326201,
tn_24_16_5120_ld_5120_5120_24,0.073951,0.079772,0.050481,new,0.050481,1.5802,,Gemm_Rocblas_-1086326201
tn_24_1888_2560_ld_2560_2560_24,0.143933,0.077991,0.148673,current,0.077991,1.0000,Gemm_Rocblas_-1086326139,
tn_24_1968_2560_ld_2560_2560_24,0.144113,0.078082,0.148663,current,0.078082,1.0000,Gemm_Rocblas_-1086326139,
tn_24_1969_2560_ld_2560_2560_24,0.143743,0.078432,0.148543,current,0.078432,1.0000,Gemm_Rocblas_-1086326139,
tn_24_1_2560_ld_2560_2560_24,0.067561,0.024241,0.072422,current,0.024241,1.0000,Gemm_Rocblas_-9,
tn_24_1_5120_ld_5120_5120_24,0.072382,0.077612,0.023801,new,0.023801,3.2609,,Gemm_Rocblas_-9
tn_24_2045_2560_ld_2560_2560_24,0.144003,0.078632,0.148603,current,0.078632,1.0000,Gemm_Rocblas_-1086326139,
tn_24_2046_2560_ld_2560_2560_24,0.144393,0.078352,0.148453,current,0.078352,1.0000,Gemm_Rocblas_-1086326139,
tn_24_2047_2560_ld_2560_2560_24,0.144313,0.078941,0.148383,current,0.078941,1.0000,Gemm_Rocblas_-1086326139,
tn_24_2048_2560_ld_2560_2560_24,0.144443,0.078872,0.148763,current,0.078872,1.0000,Gemm_Rocblas_-1086326139,
tn_24_2048_5120_ld_5120_5120_24,0.225025,0.235264,0.114302,new,0.114302,2.0583,,Gemm_Rocblas_-1086326139
tn_24_2066_2560_ld_2560_2560_24,0.144463,0.078542,0.149033,current,0.078542,1.0000,Gemm_Rocblas_-1086326139,
tn_24_2069_2560_ld_2560_2560_24,0.144273,0.078472,0.148483,current,0.078472,1.0000,Gemm_Rocblas_-1086326139,
tn_24_225_2560_ld_2560_2560_24,0.066951,0.046281,0.071651,current,0.046281,1.0000,Gemm_Rocblas_-1086326210,
tn_24_225_5120_ld_5120_5120_24,0.083012,0.088421,0.058352,new,0.058352,1.5153,,Gemm_Rocblas_-1086326210
tn_24_240_2560_ld_2560_2560_24,0.067932,0.046381,0.072492,current,0.046381,1.0000,Gemm_Rocblas_-1086326210,
tn_24_24_2560_ld_2560_2560_24,0.066491,0.043121,0.071671,current,0.043121,1.0000,Gemm_Rocblas_-1086326201,
tn_24_2_2560_ld_2560_2560_24,0.066571,0.041471,0.072502,current,0.041471,1.0000,Gemm_Rocblas_-1086326201,
tn_24_2_5120_ld_5120_5120_24,0.071511,0.076972,0.049361,new,0.049361,1.5594,,Gemm_Rocblas_-1086326201
tn_24_3073_2560_ld_2560_2560_24,0.159973,0.090752,0.165043,current,0.090752,1.0000,Gemm_Rocblas_-1086326246,
tn_24_3074_2560_ld_2560_2560_24,0.159893,0.091132,0.165513,current,0.091132,1.0000,Gemm_Rocblas_-1086326246,
tn_24_3075_2560_ld_2560_2560_24,0.160054,0.091352,0.165094,current,0.091352,1.0000,Gemm_Rocblas_-1086326246,
tn_24_3076_2560_ld_2560_2560_24,0.160173,0.091071,0.164963,current,0.091071,1.0000,Gemm_Rocblas_-1086326246,
tn_24_3077_2560_ld_2560_2560_24,0.160243,0.090932,0.164994,current,0.090932,1.0000,Gemm_Rocblas_-1086326246,
tn_24_3078_2560_ld_2560_2560_24,0.160503,0.090582,0.165793,current,0.090582,1.0000,Gemm_Rocblas_-1086326246,
tn_24_3079_2560_ld_2560_2560_24,0.160333,0.091252,0.165824,current,0.091252,1.0000,Gemm_Rocblas_-1086326246,
tn_24_3081_2560_ld_2560_2560_24,0.160223,0.091302,0.164774,current,0.091302,1.0000,Gemm_Rocblas_-1086326246,
tn_24_3084_2560_ld_2560_2560_24,0.160523,0.090452,0.165253,current,0.090452,1.0000,Gemm_Rocblas_-1086326246,
tn_24_3087_2560_ld_2560_2560_24,0.160163,0.091982,0.165364,current,0.091982,1.0000,Gemm_Rocblas_-1086326246,
tn_24_3090_2560_ld_2560_2560_24,0.160333,0.092042,0.165623,current,0.092042,1.0000,Gemm_Rocblas_-1086326246,
tn_24_3093_2560_ld_2560_2560_24,0.160163,0.091062,0.165113,current,0.091062,1.0000,Gemm_Rocblas_-1086326246,
tn_24_32_2560_ld_2560_2560_24,0.067222,0.042890,0.072491,current,0.042890,1.0000,Gemm_Rocblas_-1086326201,
tn_24_3_2560_ld_2560_2560_24,0.066191,0.042641,0.071471,current,0.042641,1.0000,Gemm_Rocblas_-1086326206,
tn_24_3_5120_ld_5120_5120_24,0.070751,0.076362,0.049231,new,0.049231,1.5511,,Gemm_Rocblas_-1086326201
tn_24_4096_2560_ld_2560_2560_24,0.140273,0.102682,0.145333,current,0.102682,1.0000,Gemm_Rocblas_-1086326246,
tn_24_43_2560_ld_2560_2560_24,0.066782,0.043021,0.071942,current,0.043021,1.0000,Gemm_Rocblas_-1086326201,
tn_24_44_2560_ld_2560_2560_24,0.067142,0.042511,0.072261,current,0.042511,1.0000,Gemm_Rocblas_-1086326206,
tn_24_4_2560_ld_2560_2560_24,0.066341,0.042751,0.071471,current,0.042751,1.0000,Gemm_Rocblas_-1086326201,
tn_24_4_5120_ld_5120_5120_24,0.070691,0.075702,0.049361,new,0.049361,1.5336,,Gemm_Rocblas_-1086326214
tn_24_56_2560_ld_2560_2560_24,0.066661,0.042741,0.071361,current,0.042741,1.0000,Gemm_Rocblas_-1086326212,
tn_24_57_5120_ld_5120_5120_24,0.082281,0.088332,0.050071,new,0.050071,1.7641,,Gemm_Rocblas_-1086326201
tn_24_5_2560_ld_2560_2560_24,0.066372,0.042371,0.071342,current,0.042371,1.0000,Gemm_Rocblas_-1086326201,
tn_24_5_5120_ld_5120_5120_24,0.071042,0.076531,0.049291,new,0.049291,1.5526,,Gemm_Rocblas_-1086326201
tn_24_60_2560_ld_2560_2560_24,0.066951,0.042910,0.071921,current,0.042910,1.0000,Gemm_Rocblas_-1086326201,
tn_24_64_2560_ld_2560_2560_24,0.067401,0.042801,0.072241,current,0.042801,1.0000,Gemm_Rocblas_-1086326201,
tn_24_692_2560_ld_2560_2560_24,0.119592,0.056311,0.124733,current,0.056311,1.0000,Gemm_Rocblas_-1086326202,
tn_24_6_2560_ld_2560_2560_24,0.066151,0.042451,0.072101,current,0.042451,1.0000,Gemm_Rocblas_-1086326212,
tn_24_6_5120_ld_5120_5120_24,0.070712,0.075891,0.049211,new,0.049211,1.5422,,Gemm_Rocblas_-1086326201
tn_24_701_2560_ld_2560_2560_24,0.119743,0.055991,0.124242,current,0.055991,1.0000,Gemm_Rocblas_-1086326202,
tn_24_704_2560_ld_2560_2560_24,0.119382,0.055771,0.124893,current,0.055771,1.0000,Gemm_Rocblas_-1086326202,
tn_24_784_2560_ld_2560_2560_24,0.119933,0.056031,0.124923,current,0.056031,1.0000,Gemm_Rocblas_-1086326202,
tn_24_788_2560_ld_2560_2560_24,0.119573,0.056281,0.124653,current,0.056281,1.0000,Gemm_Rocblas_-1086326202,
tn_24_789_2560_ld_2560_2560_24,0.119453,0.056311,0.124493,current,0.056311,1.0000,Gemm_Rocblas_-1086326202,
tn_24_7_2560_ld_2560_2560_24,0.066321,0.042441,0.071531,current,0.042441,1.0000,Gemm_Rocblas_-1086326201,
tn_24_7_5120_ld_5120_5120_24,0.070912,0.076102,0.049981,new,0.049981,1.5226,,Gemm_Rocblas_-1086326214
tn_24_804_2560_ld_2560_2560_24,0.120563,0.056271,0.125183,current,0.056271,1.0000,Gemm_Rocblas_-1086326202,
tn_24_8_2560_ld_2560_2560_24,0.066562,0.042471,0.071642,current,0.042471,1.0000,Gemm_Rocblas_-1086326201,
tn_24_8_5120_ld_5120_5120_24,0.070801,0.075742,0.049621,new,0.049621,1.5264,,Gemm_Rocblas_-1086326212
tn_24_9_2560_ld_2560_2560_24,0.066571,0.042491,0.071591,current,0.042491,1.0000,Gemm_Rocblas_-1086326201,
tn_2560_1024_2560_ld_2560_2560_2560,0.664864,0.647983,0.668143,current,0.647983,1.0000,Gemm_Rocblas_-1086326277,
tn_2560_1125_160_ld_160_160_2560,0.077091,0.082562,0.083582,dropped,,1.0000,Gemm_Rocblas_-1086326075,
tn_2560_121_1536_ld_1536_1536_2560,0.125693,0.110652,0.130433,current,0.110652,1.0000,Gemm_Rocblas_-1086326122,
tn_2560_121_2560_ld_2560_2560_2560,0.160504,0.153973,0.164863,current,0.153973,1.0000,Gemm_Rocblas_-1086326133,
tn_2560_1264_160_ld_160_160_2560,0.083502,0.086991,0.088752,dropped,,1.0000,Gemm_Rocblas_-1086326068,
tn_2560_1264_2560_ld_2560_2560_2560,0.822196,0.726865,0.829187,current,0.726865,1.0000,Gemm_Rocblas_-1086326079,
tn_2560_1295_160_ld_160_160_2560,0.088772,0.086402,0.093812,current,0.086402,1.0000,Gemm_Rocblas_-1086326068,
tn_2560_1295_2560_ld_2560_2560_2560,0.951909,0.864137,0.954789,current,0.864137,1.0000,Gemm_Rocblas_-1086326277,
tn_2560_12_1536_ld_1536_1536_2560,0.093962,0.061121,0.098992,current,0.061121,1.0000,Gemm_Rocblas_-1086326194,
tn_2560_12_2560_ld_2560_2560_2560,0.083892,0.080271,0.088581,current,0.080271,1.0000,Gemm_Rocblas_-1086326194,
tn_2560_1323_160_ld_160_160_2560,0.088371,0.089961,0.093352,current,0.089961,1.0000,Gemm_Rocblas_-1086326038,
tn_2560_1323_2560_ld_2560_2560_2560,0.900798,0.862517,0.903118,current,0.862517,1.0000,Gemm_Rocblas_-1086326277,
tn_2560_1324_160_ld_160_160_2560,0.087242,0.089142,0.092502,current,0.089142,1.0000,Gemm_Rocblas_-1086326068,
tn_2560_1324_2560_ld_2560_2560_2560,0.890928,0.862968,0.896838,current,0.862968,1.0000,Gemm_Rocblas_-1086326277,
tn_2560_1325_160_ld_160_160_2560,0.086882,0.087821,0.092302,current,0.087821,1.0000,Gemm_Rocblas_-1086326068,
tn_2560_1325_2560_ld_2560_2560_2560,0.892458,0.862937,0.899228,current,0.862937,1.0000,Gemm_Rocblas_-1086326277,
tn_2560_1392_2560_ld_2560_2560_2560,0.912258,0.883638,0.917268,current,0.883638,1.0000,Gemm_Rocblas_-1086326277,
tn_2560_1399_2560_ld_2560_2560_2560,0.918068,0.887878,0.921568,current,0.887878,1.0000,Gemm_Rocblas_-1086326277,
tn_2560_1445_2560_ld_2560_2560_2560,0.919809,0.915908,0.928628,current,0.915908,1.0000,Gemm_Rocblas_-1086326277,
tn_2560_1568_1152_ld_1152_1152_2560,0.450689,0.453149,0.459050,current,0.453149,1.0000,Gemm_Rocblas_-1086326056,
tn_2560_1693_2560_ld_2560_2560_2560,0.967710,0.978940,0.972610,current,0.978940,1.0000,Gemm_Rocblas_-1086326063,
tn_2560_16_1536_ld_1536_1536_2560,0.093472,0.060801,0.099992,current,0.060801,1.0000,Gemm_Rocblas_-1086326157,
tn_2560_16_2560_ld_2560_2560_2560,0.084052,0.079922,0.088622,current,0.079922,1.0000,Gemm_Rocblas_-1086326157,
tn_2560_1888_2560_ld_2560_2560_2560,1.180534,1.149083,1.184533,current,1.149083,1.0000,Gemm_Rocblas_-1086326277,
tn_2560_1_1536_ld_1536_1536_2560,0.068471,0.041881,0.072841,current,0.041881,1.0000,Gemm_Rocblas_-9,
tn_2560_1_2560_ld_2560_2560_2560,0.086112,0.048521,0.089041,current,0.048521,1.0000,Gemm_Rocblas_-9,
tn_2560_2048_2560_ld_2560_2560_2560,1.173164,1.200024,1.176464,current,1.200024,1.0000,Gemm_Rocblas_-1086326063,
tn_2560_2066_1536_ld_1536_1536_2560,0.777016,0.743355,0.784476,current,0.743355,1.0000,Gemm_Rocblas_-1086326063,
tn_2560_2069_1536_ld_1536_1536_2560,0.762676,0.743856,0.788116,current,0.743856,1.0000,Gemm_Rocblas_-1086326063,
tn_2560_225_1536_ld_1536_1536_2560,0.163573,0.147433,0.168733,current,0.147433,1.0000,Gemm_Rocblas_-1086326044,
tn_2560_225_2560_ld_2560_2560_2560,0.239965,0.219184,0.245585,current,0.219184,1.0000,Gemm_Rocblas_-1086326128,
tn_2560_240_1536_ld_1536_1536_2560,0.163913,0.147773,0.171274,current,0.147773,1.0000,Gemm_Rocblas_-1086326044,
tn_2560_240_160_ld_160_160_2560,0.039351,0.040271,0.044211,current,0.040271,1.0000,Gemm_Rocblas_-1086326262,
tn_2560_240_2560_ld_2560_2560_2560,0.242065,0.224345,0.247075,current,0.224345,1.0000,Gemm_Rocblas_-1086326128,
tn_2560_24_1536_ld_1536_1536_2560,0.094342,0.068672,0.098402,current,0.068672,1.0000,Gemm_Rocblas_-1086326246,
tn_2560_24_2560_ld_2560_2560_2560,0.114112,0.093012,0.118473,current,0.093012,1.0000,Gemm_Rocblas_-1086326140,
tn_2560_2_1536_ld_1536_1536_2560,0.064611,0.070531,0.068621,dropped,,1.0000,,
tn_2560_2_2560_ld_2560_2560_2560,0.079582,0.086272,0.083612,dropped,,1.0000,,
tn_2560_3073_2560_ld_2560_2560_2560,1.862209,1.870848,1.875868,current,1.870848,1.0000,Gemm_Rocblas_-1086326079,
tn_2560_3074_2560_ld_2560_2560_2560,1.889379,1.865248,1.890128,current,1.865248,1.0000,Gemm_Rocblas_-1086326063,
tn_2560_3075_1536_ld_1536_1536_2560,1.127704,1.134893,1.127813,current,1.134893,1.0000,Gemm_Rocblas_-1086326063,
tn_2560_3075_2560_ld_2560_2560_2560,1.870928,1.869779,1.876488,current,1.869779,1.0000,Gemm_Rocblas_-1086326277,
tn_2560_3076_2560_ld_2560_2560_2560,1.870948,1.875838,1.877467,current,1.875838,1.0000,Gemm_Rocblas_-1086326277,
tn_2560_3078_1536_ld_1536_1536_2560,1.134574,1.147894,1.134192,current,1.147894,1.0000,Gemm_Rocblas_-1086326063,
tn_2560_3078_2560_ld_2560_2560_2560,1.890199,1.847398,1.882228,current,1.847398,1.0000,Gemm_Rocblas_-1086326277,
tn_2560_3079_2560_ld_2560_2560_2560,1.880448,1.891209,1.872888,current,1.891209,1.0000,Gemm_Rocblas_-1086326277,
tn_2560_3081_1536_ld_1536_1536_2560,1.128113,1.150943,1.138373,current,1.150943,1.0000,Gemm_Rocblas_-1086326063,
tn_2560_3081_2560_ld_2560_2560_2560,1.858119,1.854898,1.875398,current,1.854898,1.0000,Gemm_Rocblas_-1086326063,
tn_2560_3087_1536_ld_1536_1536_2560,1.132193,1.132753,1.126943,current,1.132753,1.0000,Gemm_Rocblas_-1086326063,
tn_2560_3090_1536_ld_1536_1536_2560,1.134443,1.131883,1.137973,current,1.131883,1.0000,Gemm_Rocblas_-1086326063,
tn_2560_3090_2560_ld_2560_2560_2560,1.878159,1.869298,1.861228,current,1.869298,1.0000,Gemm_Rocblas_-1086326277,
tn_2560_3093_1536_ld_1536_1536_2560,1.144193,1.155074,1.132963,current,1.155074,1.0000,Gemm_Rocblas_-1086326063,
tn_2560_3093_2560_ld_2560_2560_2560,1.862828,1.859388,1.866158,current,1.859388,1.0000,Gemm_Rocblas_-1086326063,
tn_2560_32_1536_ld_1536_1536_2560,0.109212,0.068962,0.111982,current,0.068962,1.0000,Gemm_Rocblas_-1086326246,
tn_2560_32_2560_ld_2560_2560_2560,0.113973,0.094502,0.119252,current,0.094502,1.0000,Gemm_Rocblas_-1086326134,
tn_2560_3_1536_ld_1536_1536_2560,0.061342,0.063231,0.065752,dropped,,1.0000,Gemm_Rocblas_-1086326218,
tn_2560_3_2560_ld_2560_2560_2560,0.076622,0.081871,0.079372,dropped,,1.0000,,
tn_2560_4096_2560_ld_2560_2560_2560,2.353698,2.216176,2.339447,current,2.216176,1.0000,Gemm_Rocblas_-1086326063,
tn_2560_43_1536_ld_1536_1536_2560,0.135833,0.080751,0.139563,current,0.080751,1.0000,Gemm_Rocblas_-1086326134,
tn_2560_43_2560_ld_2560_2560_2560,0.154783,0.097832,0.159413,current,0.097832,1.0000,Gemm_Rocblas_-1086326134,
tn_2560_44_1536_ld_1536_1536_2560,0.134873,0.081711,0.140853,current,0.081711,1.0000,Gemm_Rocblas_-1086326140,
tn_2560_44_2560_ld_2560_2560_2560,0.155173,0.099062,0.159593,current,0.099062,1.0000,Gemm_Rocblas_-1086326140,
tn_2560_4_1536_ld_1536_1536_2560,0.059471,0.060451,0.063922,current,0.060451,1.0000,Gemm_Rocblas_-1086326223,
tn_2560_4_2560_ld_2560_2560_2560,0.073932,0.078912,0.078872,dropped,,1.0000,,
tn_2560_56_1536_ld_1536_1536_2560,0.111582,0.086101,0.115632,current,0.086101,1.0000,Gemm_Rocblas_-1086326140,
tn_2560_56_2560_ld_2560_2560_2560,0.166623,0.105243,0.171944,current,0.105243,1.0000,Gemm_Rocblas_-1086326129,
tn_2560_5_1536_ld_1536_1536_2560,0.059441,0.059531,0.063482,current,0.059531,1.0000,Gemm_Rocblas_-1086326218,
tn_2560_5_2560_ld_2560_2560_2560,0.073551,0.078272,0.078761,dropped,,1.0000,,
tn_2560_60_1536_ld_1536_1536_2560,0.113972,0.086521,0.118412,current,0.086521,1.0000,Gemm_Rocblas_-1086326134,
tn_2560_60_2560_ld_2560_2560_2560,0.166874,0.103522,0.171804,current,0.103522,1.0000,Gemm_Rocblas_-1086326129,
tn_2560_64_1536_ld_1536_1536_2560,0.114892,0.073452,0.120252,current,0.073452,1.0000,Gemm_Rocblas_-1086326140,
tn_2560_64_2560_ld_2560_2560_2560,0.166304,0.092712,0.170943,current,0.092712,1.0000,Gemm_Rocblas_-1086326140,
tn_2560_692_2560_ld_2560_2560_2560,0.412689,0.420359,0.417799,current,0.420359,1.0000,Gemm_Rocblas_-1086326063,
tn_2560_6_1536_ld_1536_1536_2560,0.059031,0.059262,0.063252,current,0.059262,1.0000,Gemm_Rocblas_-1086326221,
tn_2560_6_2560_ld_2560_2560_2560,0.073902,0.078902,0.078981,dropped,,1.0000,,
tn_2560_701_2560_ld_2560_2560_2560,0.467679,0.463619,0.467379,current,0.463619,1.0000,Gemm_Rocblas_-1086326079,
tn_2560_704_2560_ld_2560_2560_2560,0.494740,0.477090,0.501740,current,0.477090,1.0000,Gemm_Rocblas_-1086326063,
tn_2560_784_1536_ld_1536_1536_2560,0.413719,0.311016,0.412439,current,0.311016,1.0000,Gemm_Rocblas_-1086326277,
tn_2560_784_160_ld_160_160_2560,0.068191,0.067031,0.072211,current,0.067031,1.0000,Gemm_Rocblas_-1086326051,
tn_2560_788_1536_ld_1536_1536_2560,0.402209,0.315326,0.402768,current,0.315326,1.0000,Gemm_Rocblas_-1086326277,
tn_2560_788_160_ld_160_160_2560,0.066981,0.066831,0.070611,current,0.066831,1.0000,Gemm_Rocblas_-1086326276,
tn_2560_789_1536_ld_1536_1536_2560,0.399428,0.314796,0.397338,current,0.314796,1.0000,Gemm_Rocblas_-1086326277,
tn_2560_789_160_ld_160_160_2560,0.065601,0.067141,0.069831,current,0.067141,1.0000,Gemm_Rocblas_-1086326276,
tn_2560_7_1536_ld_1536_1536_2560,0.059132,0.063941,0.063281,dropped,,1.0000,,
tn_2560_7_2560_ld_2560_2560_2560,0.073541,0.078731,0.078802,dropped,,1.0000,,
tn_2560_804_1536_ld_1536_1536_2560,0.397988,0.321096,0.399978,current,0.321096,1.0000,Gemm_Rocblas_-1086326277,
tn_2560_8_1536_ld_1536_1536_2560,0.059111,0.063922,0.063511,dropped,,1.0000,,
tn_2560_8_2560_ld_2560_2560_2560,0.073922,0.078861,0.078211,dropped,,1.0000,,
tn_2560_9_1536_ld_1536_1536_2560,0.094922,0.061122,0.100112,current,0.061122,1.0000,Gemm_Rocblas_-1086326284,
tn_2560_9_2560_ld_2560_2560_2560,0.099212,0.080162,0.103903,current,0.080162,1.0000,Gemm_Rocblas_-1086326284,
tn_320_1024_10240_ld_10240_10240_320,1.676935,0.452759,1.673653,current,0.452759,1.0000,Gemm_Rocblas_-1086326082,
tn_320_1024_2560_ld_2560_2560_320,0.368747,0.146973,0.388588,current,0.146973,1.0000,Gemm_Rocblas_-1086326128,
tn_320_1025_10240_ld_10240_10240_320,1.651264,0.470940,1.706965,current,0.470940,1.0000,Gemm_Rocblas_-1086326082,
tn_320_1025_2560_ld_2560_2560_320,0.402068,0.152643,0.398828,current,0.152643,1.0000,Gemm_Rocblas_-1086326128,
tn_320_1026_10240_ld_10240_10240_320,1.682584,0.479920,1.698894,current,0.479920,1.0000,Gemm_Rocblas_-1086326082,
tn_320_1026_2560_ld_2560_2560_320,0.392218,0.156073,0.390388,current,0.156073,1.0000,Gemm_Rocblas_-1086326128,
tn_320_1027_10240_ld_10240_10240_320,1.701744,0.481429,1.712535,current,0.481429,1.0000,Gemm_Rocblas_-1086326082,
tn_320_1027_2560_ld_2560_2560_320,0.385768,0.156023,0.398808,current,0.156023,1.0000,Gemm_Rocblas_-1086326128,
tn_320_1028_10240_ld_10240_10240_320,1.703115,0.480870,1.712834,current,0.480870,1.0000,Gemm_Rocblas_-1086326082,
tn_320_1028_2560_ld_2560_2560_320,0.365028,0.159493,0.372947,current,0.159493,1.0000,Gemm_Rocblas_-1086326128,
tn_320_1029_10240_ld_10240_10240_320,1.737766,0.482510,1.697724,current,0.482510,1.0000,Gemm_Rocblas_-1086326082,
tn_320_1029_2560_ld_2560_2560_320,0.386038,0.159473,0.389968,current,0.159473,1.0000,Gemm_Rocblas_-1086326128,
tn_320_1030_10240_ld_10240_10240_320,1.725086,0.485670,1.731735,current,0.485670,1.0000,Gemm_Rocblas_-1086326082,
tn_320_1030_2560_ld_2560_2560_320,0.404738,0.157464,0.399788,current,0.157464,1.0000,Gemm_Rocblas_-1086326128,
tn_320_1031_10240_ld_10240_10240_320,1.715895,0.484010,1.726035,current,0.484010,1.0000,Gemm_Rocblas_-1086326082,
tn_320_1031_2560_ld_2560_2560_320,0.369608,0.159543,0.382148,current,0.159543,1.0000,Gemm_Rocblas_-1086326128,
tn_320_1033_10240_ld_10240_10240_320,1.649874,0.480030,1.693814,current,0.480030,1.0000,Gemm_Rocblas_-1086326082,
tn_320_1033_2560_ld_2560_2560_320,0.391208,0.158503,0.391578,current,0.158503,1.0000,Gemm_Rocblas_-1086326128,
tn_320_1036_10240_ld_10240_10240_320,1.724795,0.481830,1.711285,current,0.481830,1.0000,Gemm_Rocblas_-1086326082,
tn_320_1036_2560_ld_2560_2560_320,0.372718,0.159203,0.376537,current,0.159203,1.0000,Gemm_Rocblas_-1086326128,
tn_320_1039_10240_ld_10240_10240_320,1.664164,0.488040,1.680984,current,0.488040,1.0000,Gemm_Rocblas_-1086326082,
tn_320_1039_2560_ld_2560_2560_320,0.374907,0.157033,0.382988,current,0.157033,1.0000,Gemm_Rocblas_-1086326128,
tn_320_1042_10240_ld_10240_10240_320,1.723935,0.483740,1.697146,current,0.483740,1.0000,Gemm_Rocblas_-1086326082,
tn_320_1042_2560_ld_2560_2560_320,0.389688,0.159673,0.395768,current,0.159673,1.0000,Gemm_Rocblas_-1086326128,
tn_320_1045_10240_ld_10240_10240_320,1.737555,0.482070,1.759097,current,0.482070,1.0000,Gemm_Rocblas_-1086326082,
tn_320_1045_2560_ld_2560_2560_320,0.390288,0.160593,0.388868,current,0.160593,1.0000,Gemm_Rocblas_-1086326083,
tn_320_1125_10240_ld_10240_10240_320,2.024612,0.488010,2.015611,current,0.488010,1.0000,Gemm_Rocblas_-1086326084,
tn_320_1125_2560_ld_2560_2560_320,0.471360,0.164013,0.456839,current,0.164013,1.0000,Gemm_Rocblas_-1086326128,
tn_320_121_10240_ld_10240_10240_320,0.228565,0.145183,0.226175,current,0.145183,1.0000,Gemm_Rocblas_-1086326134,
tn_320_121_2560_ld_2560_2560_320,0.116643,0.065202,0.122412,current,0.065202,1.0000,Gemm_Rocblas_-1086326134,
tn_320_1264_10240_ld_10240_10240_320,2.195335,0.572842,2.165983,current,0.572842,1.0000,Gemm_Rocblas_-1086326098,
tn_320_1264_2560_ld_2560_2560_320,0.519640,0.168323,0.530131,current,0.168323,1.0000,Gemm_Rocblas_-1086326078,
tn_320_1295_10240_ld_10240_10240_320,2.300337,0.578892,2.314267,current,0.578892,1.0000,Gemm_Rocblas_-1086326082,
tn_320_1295_2560_ld_2560_2560_320,0.550641,0.167603,0.529271,current,0.167603,1.0000,Gemm_Rocblas_-1086326062,
tn_320_12_10240_ld_10240_10240_320,0.130202,0.082471,0.136993,current,0.082471,1.0000,Gemm_Rocblas_-1086326214,
tn_320_12_2560_ld_2560_2560_320,0.058562,0.045081,0.064611,current,0.045081,1.0000,Gemm_Rocblas_-1086326200,
tn_320_1323_10240_ld_10240_10240_320,2.441580,0.583922,2.432559,current,0.583922,1.0000,Gemm_Rocblas_-1086326098,
tn_320_1323_2560_ld_2560_2560_320,0.562672,0.171244,0.561941,current,0.171244,1.0000,Gemm_Rocblas_-1086326062,
tn_320_1324_10240_ld_10240_10240_320,2.500532,0.585212,2.357737,current,0.585212,1.0000,Gemm_Rocblas_-1086326098,
tn_320_1324_2560_ld_2560_2560_320,0.553092,0.171244,0.566891,current,0.171244,1.0000,Gemm_Rocblas_-1086326062,
tn_320_1325_10240_ld_10240_10240_320,2.296597,0.596542,2.370658,current,0.596542,1.0000,Gemm_Rocblas_-1086326082,
tn_320_1325_2560_ld_2560_2560_320,0.578122,0.172074,0.574762,current,0.172074,1.0000,Gemm_Rocblas_-1086326062,
tn_320_1392_10240_ld_10240_10240_320,2.444261,0.593322,2.355018,current,0.593322,1.0000,Gemm_Rocblas_-1086326078,
tn_320_1392_2560_ld_2560_2560_320,0.612963,0.174203,0.634723,current,0.174203,1.0000,Gemm_Rocblas_-1086326062,
tn_320_1399_10240_ld_10240_10240_320,2.469811,0.592532,2.393558,current,0.592532,1.0000,Gemm_Rocblas_-1086326062,
tn_320_1399_2560_ld_2560_2560_320,0.625733,0.175184,0.618762,current,0.175184,1.0000,Gemm_Rocblas_-1086326098,
tn_320_1445_10240_ld_10240_10240_320,2.376089,0.602593,2.388858,current,0.602593,1.0000,Gemm_Rocblas_-1086326098,
tn_320_1445_2560_ld_2560_2560_320,0.596112,0.173394,0.598482,current,0.173394,1.0000,Gemm_Rocblas_-1086326098,
tn_320_1495_10240_ld_10240_10240_320,2.514211,0.618383,2.577702,current,0.618383,1.0000,Gemm_Rocblas_-1086326062,
tn_320_1495_2560_ld_2560_2560_320,0.557372,0.180564,0.580212,current,0.180564,1.0000,Gemm_Rocblas_-1086326077,
tn_320_1693_10240_ld_10240_10240_320,2.897109,0.743286,2.967930,current,0.743286,1.0000,Gemm_Rocblas_-1086326082,
tn_320_1693_2560_ld_2560_2560_320,0.236085,0.223984,0.242195,current,0.223984,1.0000,Gemm_Rocblas_-1086326122,
tn_320_16_10240_ld_10240_10240_320,0.129182,0.083732,0.138503,current,0.083732,1.0000,Gemm_Rocblas_-1086326214,
tn_320_16_2560_ld_2560_2560_320,0.058172,0.045631,0.066031,current,0.045631,1.0000,Gemm_Rocblas_-1086326210,
tn_320_1888_10240_ld_10240_10240_320,3.372629,0.783546,3.393419,current,0.783546,1.0000,Gemm_Rocblas_-1086326084,
tn_320_1888_2560_ld_2560_2560_320,0.237765,0.245405,0.243155,dropped,,1.0000,Gemm_Rocblas_-1086326082,
tn_320_1968_10240_ld_10240_10240_320,3.566163,0.907738,3.616663,current,0.907738,1.0000,Gemm_Rocblas_-1086326082,
tn_320_1969_10240_ld_10240_10240_320,3.496832,0.919058,3.622823,current,0.919058,1.0000,Gemm_Rocblas_-1086326082,
tn_320_1_10240_ld_10240_10240_320,0.134082,0.032440,0.139543,current,0.032440,1.0000,Gemm_Rocblas_-9,
tn_320_1_2560_ld_2560_2560_320,0.058111,0.023660,0.063181,current,0.023660,1.0000,Gemm_Rocblas_-9,
tn_320_2045_10240_ld_10240_10240_320,3.967191,0.830796,3.832847,current,0.830796,1.0000,Gemm_Rocblas_-1086326082,
tn_320_2046_10240_ld_10240_10240_320,3.926060,0.830146,3.770896,current,0.830146,1.0000,Gemm_Rocblas_-1086326082,
tn_320_2047_10240_ld_10240_10240_320,3.909940,0.864677,3.832847,current,0.864677,1.0000,Gemm_Rocblas_-1086326082,
tn_320_2048_10240_ld_10240_10240_320,3.900170,0.822727,3.785616,current,0.822727,1.0000,Gemm_Rocblas_-1086326082,
tn_320_2066_10240_ld_10240_10240_320,3.864199,0.959460,3.810557,current,0.959460,1.0000,Gemm_Rocblas_-1086326128,
tn_320_2069_10240_ld_10240_10240_320,4.023883,0.964879,3.870678,current,0.964879,1.0000,Gemm_Rocblas_-1086326063,
tn_320_225_10240_ld_10240_10240_320,0.407648,0.168034,0.438879,current,0.168034,1.0000,Gemm_Rocblas_-1086326140,
tn_320_225_2560_ld_2560_2560_320,0.129853,0.073371,0.135973,current,0.073371,1.0000,Gemm_Rocblas_-1086326139,
tn_320_240_10240_ld_10240_10240_320,0.413458,0.166923,0.430158,current,0.166923,1.0000,Gemm_Rocblas_-1086326134,
tn_320_240_2560_ld_2560_2560_320,0.128143,0.074281,0.134233,current,0.074281,1.0000,Gemm_Rocblas_-1086326139,
tn_320_24_10240_ld_10240_10240_320,0.132692,0.087392,0.136463,current,0.087392,1.0000,Gemm_Rocblas_-1086326200,
tn_320_24_2560_ld_2560_2560_320,0.067542,0.047961,0.072072,current,0.047961,1.0000,Gemm_Rocblas_-1086326200,
tn_320_2_10240_ld_10240_10240_320,0.135142,0.082961,0.139603,current,0.082961,1.0000,Gemm_Rocblas_-1086326214,
tn_320_2_2560_ld_2560_2560_320,0.058291,0.045421,0.063761,current,0.045421,1.0000,Gemm_Rocblas_-1086326200,
tn_320_3073_10240_ld_10240_10240_320,8.039935,1.223415,7.054442,current,1.223415,1.0000,Gemm_Rocblas_-1086326082,
tn_320_3074_10240_ld_10240_10240_320,8.049816,1.253736,7.067853,current,1.253736,1.0000,Gemm_Rocblas_-1086326082,
tn_320_3075_10240_ld_10240_10240_320,7.845751,1.251235,7.112994,current,1.251235,1.0000,Gemm_Rocblas_-1086326082,
tn_320_3076_10240_ld_10240_10240_320,7.868202,1.243315,7.107154,current,1.243315,1.0000,Gemm_Rocblas_-1086326082,
tn_320_3077_10240_ld_10240_10240_320,7.890922,1.246446,7.066913,current,1.246446,1.0000,Gemm_Rocblas_-1086326082,
tn_320_3078_10240_ld_10240_10240_320,7.873642,1.244386,7.075622,current,1.244386,1.0000,Gemm_Rocblas_-1086326082,
tn_320_3079_10240_ld_10240_10240_320,7.698028,1.248056,7.049563,current,1.248056,1.0000,Gemm_Rocblas_-1086326082,
tn_320_3081_10240_ld_10240_10240_320,8.004634,1.249605,7.207795,current,1.249605,1.0000,Gemm_Rocblas_-1086326082,
tn_320_3084_10240_ld_10240_10240_320,7.849001,1.251846,6.985681,current,1.251846,1.0000,Gemm_Rocblas_-1086326082,
tn_320_3087_10240_ld_10240_10240_320,7.901312,1.243735,7.102043,current,1.243735,1.0000,Gemm_Rocblas_-1086326082,
tn_320_3090_10240_ld_10240_10240_320,7.880731,1.243026,7.054432,current,1.243026,1.0000,Gemm_Rocblas_-1086326082,
tn_320_3093_10240_ld_10240_10240_320,7.990394,1.242875,7.157864,current,1.242875,1.0000,Gemm_Rocblas_-1086326082,
tn_320_32_10240_ld_10240_10240_320,0.137323,0.087151,0.143583,current,0.087151,1.0000,Gemm_Rocblas_-1086326200,
tn_320_32_2560_ld_2560_2560_320,0.067441,0.046181,0.072362,current,0.046181,1.0000,Gemm_Rocblas_-1086326204,
tn_320_3_10240_ld_10240_10240_320,0.132932,0.082822,0.141413,current,0.082822,1.0000,Gemm_Rocblas_-1086326201,
tn_320_3_2560_ld_2560_2560_320,0.058351,0.045151,0.063251,current,0.045151,1.0000,Gemm_Rocblas_-1086326200,
tn_320_4096_10240_ld_10240_10240_320,8.817611,1.496861,8.198785,current,1.496861,1.0000,Gemm_Rocblas_-1086326077,
tn_320_43_10240_ld_10240_10240_320,0.137583,0.109162,0.153313,current,0.109162,1.0000,Gemm_Rocblas_-1086326200,
tn_320_43_2560_ld_2560_2560_320,0.108192,0.050701,0.113682,current,0.050701,1.0000,Gemm_Rocblas_-1086326200,
tn_320_44_10240_ld_10240_10240_320,0.136813,0.108693,0.143873,current,0.108693,1.0000,Gemm_Rocblas_-1086326210,
tn_320_44_2560_ld_2560_2560_320,0.105672,0.050841,0.114483,current,0.050841,1.0000,Gemm_Rocblas_-1086326200,
tn_320_4_10240_ld_10240_10240_320,0.134523,0.082122,0.142673,current,0.082122,1.0000,Gemm_Rocblas_-1086326214,
tn_320_4_2560_ld_2560_2560_320,0.058022,0.045081,0.063181,current,0.045081,1.0000,Gemm_Rocblas_-1086326201,
tn_320_56_10240_ld_10240_10240_320,0.138953,0.124413,0.151683,current,0.124413,1.0000,Gemm_Rocblas_-1086326202,
tn_320_56_2560_ld_2560_2560_320,0.107912,0.055791,0.112923,current,0.055791,1.0000,Gemm_Rocblas_-1086326200,
tn_320_5_10240_ld_10240_10240_320,0.136013,0.083032,0.141713,current,0.083032,1.0000,Gemm_Rocblas_-1086326214,
tn_320_5_2560_ld_2560_2560_320,0.058281,0.045461,0.063021,current,0.045461,1.0000,Gemm_Rocblas_-1086326214,
tn_320_60_10240_ld_10240_10240_320,0.139663,0.124403,0.151193,current,0.124403,1.0000,Gemm_Rocblas_-1086326202,
tn_320_60_2560_ld_2560_2560_320,0.108672,0.056801,0.113423,current,0.056801,1.0000,Gemm_Rocblas_-1086326200,
tn_320_64_10240_ld_10240_10240_320,0.141953,0.124662,0.156353,current,0.124662,1.0000,Gemm_Rocblas_-1086326202,
tn_320_64_2560_ld_2560_2560_320,0.110082,0.056531,0.115262,current,0.056531,1.0000,Gemm_Rocblas_-1086326204,
tn_320_692_10240_ld_10240_10240_320,1.162514,0.269886,1.146954,current,0.269886,1.0000,Gemm_Rocblas_-1086326082,
tn_320_692_2560_ld_2560_2560_320,0.288036,0.106712,0.288606,current,0.106712,1.0000,Gemm_Rocblas_-1086326082,
tn_320_6_10240_ld_10240_10240_320,0.135993,0.082742,0.141143,current,0.082742,1.0000,Gemm_Rocblas_-1086326214,
tn_320_6_2560_ld_2560_2560_320,0.058182,0.045111,0.063331,current,0.045111,1.0000,Gemm_Rocblas_-1086326200,
tn_320_701_10240_ld_10240_10240_320,1.199815,0.271646,1.162644,current,0.271646,1.0000,Gemm_Rocblas_-1086326082,
tn_320_701_2560_ld_2560_2560_320,0.291446,0.105832,0.290696,current,0.105832,1.0000,Gemm_Rocblas_-1086326082,
tn_320_704_10240_ld_10240_10240_320,1.189665,0.270696,1.183684,current,0.270696,1.0000,Gemm_Rocblas_-1086326082,
tn_320_704_2560_ld_2560_2560_320,0.294786,0.106622,0.290276,current,0.106622,1.0000,Gemm_Rocblas_-1086326082,
tn_320_784_10240_ld_10240_10240_320,1.324458,0.365877,1.309996,current,0.365877,1.0000,Gemm_Rocblas_-1086326140,
tn_320_784_2560_ld_2560_2560_320,0.321156,0.123643,0.326177,current,0.123643,1.0000,Gemm_Rocblas_-1086326122,
tn_320_788_10240_ld_10240_10240_320,1.357638,0.365238,1.319887,current,0.365238,1.0000,Gemm_Rocblas_-1086326140,
tn_320_788_2560_ld_2560_2560_320,0.323817,0.123672,0.325087,current,0.123672,1.0000,Gemm_Rocblas_-1086326122,
tn_320_789_10240_ld_10240_10240_320,1.317507,0.369308,1.336157,current,0.369308,1.0000,Gemm_Rocblas_-1086326140,
tn_320_789_2560_ld_2560_2560_320,0.329977,0.123902,0.342667,current,0.123902,1.0000,Gemm_Rocblas_-1086326122,
tn_320_7_10240_ld_10240_10240_320,0.135353,0.082561,0.143263,current,0.082561,1.0000,Gemm_Rocblas_-1086326214,
tn_320_7_2560_ld_2560_2560_320,0.058211,0.044941,0.066431,current,0.044941,1.0000,Gemm_Rocblas_-1086326200,
tn_320_804_10240_ld_10240_10240_320,1.412189,0.383298,1.404808,current,0.383298,1.0000,Gemm_Rocblas_-1086326140,
tn_320_804_2560_ld_2560_2560_320,0.332737,0.128783,0.327116,current,0.128783,1.0000,Gemm_Rocblas_-1086326122,
tn_320_8_10240_ld_10240_10240_320,0.136623,0.082512,0.142123,current,0.082512,1.0000,Gemm_Rocblas_-1086326214,
tn_320_8_2560_ld_2560_2560_320,0.059691,0.045271,0.063271,current,0.045271,1.0000,Gemm_Rocblas_-1086326200,
tn_320_9_10240_ld_10240_10240_320,0.127453,0.082521,0.134222,current,0.082521,1.0000,Gemm_Rocblas_-1086326214,
tn_320_9_2560_ld_2560_2560_320,0.059651,0.045101,0.063101,current,0.045101,1.0000,Gemm_Rocblas_-1086326200,
tn_336_1024_10240_ld_10240_10240_336,1.897559,0.477269,1.792136,current,0.477269,1.0000,Gemm_Rocblas_-1086326082,
tn_336_1025_10240_ld_10240_10240_336,1.886978,0.485970,1.919268,current,0.485970,1.0000,Gemm_Rocblas_-1086326082,
tn_336_1026_10240_ld_10240_10240_336,1.911610,0.493190,1.901008,current,0.493190,1.0000,Gemm_Rocblas_-1086326082,
tn_336_1027_10240_ld_10240_10240_336,1.934809,0.496440,1.852437,current,0.496440,1.0000,Gemm_Rocblas_-1086326082,
tn_336_1028_10240_ld_10240_10240_336,1.871329,0.497600,1.911679,current,0.497600,1.0000,Gemm_Rocblas_-1086326082,
tn_336_1029_10240_ld_10240_10240_336,1.908399,0.497440,1.848877,current,0.497440,1.0000,Gemm_Rocblas_-1086326082,
tn_336_1030_10240_ld_10240_10240_336,1.938809,0.498970,1.957769,current,0.498970,1.0000,Gemm_Rocblas_-1086326082,
tn_336_1031_10240_ld_10240_10240_336,1.903249,0.497810,1.927438,current,0.497810,1.0000,Gemm_Rocblas_-1086326082,
tn_336_1033_10240_ld_10240_10240_336,1.888198,0.497440,1.925279,current,0.497440,1.0000,Gemm_Rocblas_-1086326082,
tn_336_1036_10240_ld_10240_10240_336,1.914909,0.492920,1.919169,current,0.492920,1.0000,Gemm_Rocblas_-1086326082,
tn_336_1039_10240_ld_10240_10240_336,1.909289,0.499130,1.828977,current,0.499130,1.0000,Gemm_Rocblas_-1086326082,
tn_336_1042_10240_ld_10240_10240_336,1.919759,0.501590,2.017141,current,0.501590,1.0000,Gemm_Rocblas_-1086326082,
tn_336_1045_10240_ld_10240_10240_336,1.976090,0.500510,1.892868,current,0.500510,1.0000,Gemm_Rocblas_-1086326082,
tn_336_1125_10240_ld_10240_10240_336,2.205815,0.501870,2.126492,current,0.501870,1.0000,Gemm_Rocblas_-1086326084,
tn_336_121_10240_ld_10240_10240_336,0.254855,0.148513,0.255005,current,0.148513,1.0000,Gemm_Rocblas_-1086326139,
tn_336_1264_10240_ld_10240_10240_336,2.326507,0.574822,2.304587,current,0.574822,1.0000,Gemm_Rocblas_-1086326082,
tn_336_1295_10240_ld_10240_10240_336,2.446070,0.587602,2.455189,current,0.587602,1.0000,Gemm_Rocblas_-1086326098,
tn_336_12_10240_ld_10240_10240_336,0.127803,0.082292,0.131783,current,0.082292,1.0000,Gemm_Rocblas_-1086326214,
tn_336_1323_10240_ld_10240_10240_336,2.525412,0.588402,2.590172,current,0.588402,1.0000,Gemm_Rocblas_-1086326062,
tn_336_1324_10240_ld_10240_10240_336,2.585523,0.590453,2.567182,current,0.590453,1.0000,Gemm_Rocblas_-1086326062,
tn_336_1325_10240_ld_10240_10240_336,2.652215,0.592612,2.476520,current,0.592612,1.0000,Gemm_Rocblas_-1086326062,
tn_336_1392_10240_ld_10240_10240_336,2.727786,0.607542,2.813387,current,0.607542,1.0000,Gemm_Rocblas_-1086326098,
tn_336_1399_10240_ld_10240_10240_336,2.697385,0.608822,2.727885,current,0.608822,1.0000,Gemm_Rocblas_-1086326124,
tn_336_1445_10240_ld_10240_10240_336,2.726116,0.608832,2.830187,current,0.608832,1.0000,Gemm_Rocblas_-1086326046,
tn_336_1495_10240_ld_10240_10240_336,2.834828,0.618782,2.732275,current,0.618782,1.0000,Gemm_Rocblas_-1086326078,
tn_336_1693_10240_ld_10240_10240_336,3.271837,0.761275,3.189174,current,0.761275,1.0000,Gemm_Rocblas_-1086326082,
tn_336_16_10240_ld_10240_10240_336,0.129183,0.082371,0.133293,current,0.082371,1.0000,Gemm_Rocblas_-1086326214,
tn_336_1888_10240_ld_10240_10240_336,3.852589,0.799517,3.895588,current,0.799517,1.0000,Gemm_Rocblas_-1086326084,
tn_336_1968_10240_ld_10240_10240_336,3.791708,0.915199,3.873248,current,0.915199,1.0000,Gemm_Rocblas_-1086326082,
tn_336_1969_10240_ld_10240_10240_336,3.829009,0.839447,3.753635,current,0.839447,1.0000,Gemm_Rocblas_-1086326082,
tn_336_1_10240_ld_10240_10240_336,0.114242,0.041680,0.119053,current,0.041680,1.0000,Gemm_Rocblas_-9,
tn_336_2045_10240_ld_10240_10240_336,4.288258,0.936479,4.252946,current,0.936479,1.0000,Gemm_Rocblas_-1086326079,
tn_336_2046_10240_ld_10240_10240_336,4.267337,0.919199,4.288776,current,0.919199,1.0000,Gemm_Rocblas_-1086326079,
tn_336_2047_10240_ld_10240_10240_336,4.236207,0.896668,4.092602,current,0.896668,1.0000,Gemm_Rocblas_-1086326082,
tn_336_2048_10240_ld_10240_10240_336,4.153375,0.931329,4.151603,current,0.931329,1.0000,Gemm_Rocblas_-1086326082,
tn_336_2066_10240_ld_10240_10240_336,4.352379,0.944259,4.251665,current,0.944259,1.0000,Gemm_Rocblas_-1086326123,
tn_336_2069_10240_ld_10240_10240_336,4.181125,0.954009,4.269776,current,0.954009,1.0000,Gemm_Rocblas_-1086326123,
tn_336_225_10240_ld_10240_10240_336,0.500770,0.169493,0.511500,current,0.169493,1.0000,Gemm_Rocblas_-1086326134,
tn_336_240_10240_ld_10240_10240_336,0.534261,0.172163,0.518360,current,0.172163,1.0000,Gemm_Rocblas_-1086326129,
tn_336_24_10240_ld_10240_10240_336,0.128723,0.088522,0.133713,current,0.088522,1.0000,Gemm_Rocblas_-1086326200,
tn_336_2_10240_ld_10240_10240_336,0.113032,0.091542,0.119292,current,0.091542,1.0000,Gemm_Rocblas_-1086326214,
tn_336_3073_10240_ld_10240_10240_336,7.879121,1.247995,7.278446,current,1.247995,1.0000,Gemm_Rocblas_-1086326082,
tn_336_3074_10240_ld_10240_10240_336,7.828141,1.263536,7.240976,current,1.263536,1.0000,Gemm_Rocblas_-1086326082,
tn_336_3075_10240_ld_10240_10240_336,7.925583,1.259195,7.243085,current,1.259195,1.0000,Gemm_Rocblas_-1086326082,
tn_336_3076_10240_ld_10240_10240_336,7.678837,1.254086,7.207095,current,1.254086,1.0000,Gemm_Rocblas_-1086326082,
tn_336_3077_10240_ld_10240_10240_336,7.752548,1.267456,7.199345,current,1.267456,1.0000,Gemm_Rocblas_-1086326082,
tn_336_3078_10240_ld_10240_10240_336,7.722648,1.252065,7.255266,current,1.252065,1.0000,Gemm_Rocblas_-1086326082,
tn_336_3079_10240_ld_10240_10240_336,7.764929,1.275726,7.259706,current,1.275726,1.0000,Gemm_Rocblas_-1086326082,
tn_336_3081_10240_ld_10240_10240_336,7.804120,1.254356,7.233286,current,1.254356,1.0000,Gemm_Rocblas_-1086326082,
tn_336_3084_10240_ld_10240_10240_336,7.691967,1.268716,7.421680,current,1.268716,1.0000,Gemm_Rocblas_-1086326082,
tn_336_3087_10240_ld_10240_10240_336,7.736459,1.256707,7.263976,current,1.256707,1.0000,Gemm_Rocblas_-1086326082,
tn_336_3090_10240_ld_10240_10240_336,7.772079,1.249886,7.184825,current,1.249886,1.0000,Gemm_Rocblas_-1086326082,
tn_336_3093_10240_ld_10240_10240_336,7.798190,1.263417,7.235056,current,1.263417,1.0000,Gemm_Rocblas_-1086326082,
tn_336_32_10240_ld_10240_10240_336,0.136293,0.089081,0.142113,current,0.089081,1.0000,Gemm_Rocblas_-1086326204,
tn_336_3_10240_ld_10240_10240_336,0.115143,0.088711,0.118392,current,0.088711,1.0000,Gemm_Rocblas_-1086326214,
tn_336_4096_10240_ld_10240_10240_336,9.357732,1.507401,8.830688,current,1.507401,1.0000,Gemm_Rocblas_-1086326077,
tn_336_43_10240_ld_10240_10240_336,0.137043,0.109143,0.140453,current,0.109143,1.0000,Gemm_Rocblas_-1086326210,
tn_336_44_10240_ld_10240_10240_336,0.137483,0.109122,0.142353,current,0.109122,1.0000,Gemm_Rocblas_-1086326204,
tn_336_4_10240_ld_10240_10240_336,0.114873,0.086591,0.121192,current,0.086591,1.0000,Gemm_Rocblas_-1086326214,
tn_336_56_10240_ld_10240_10240_336,0.140872,0.124853,0.145003,current,0.124853,1.0000,Gemm_Rocblas_-1086326202,
tn_336_5_10240_ld_10240_10240_336,0.116483,0.084012,0.119692,current,0.084012,1.0000,Gemm_Rocblas_-1086326214,
tn_336_60_10240_ld_10240_10240_336,0.144223,0.125323,0.149733,current,0.125323,1.0000,Gemm_Rocblas_-1086326202,
tn_336_64_10240_ld_10240_10240_336,0.145073,0.124652,0.150803,current,0.124652,1.0000,Gemm_Rocblas_-1086326202,
tn_336_692_10240_ld_10240_10240_336,1.258405,0.268295,1.283246,current,0.268295,1.0000,Gemm_Rocblas_-1086326082,
tn_336_6_10240_ld_10240_10240_336,0.115923,0.082451,0.122353,current,0.082451,1.0000,Gemm_Rocblas_-1086326214,
tn_336_701_10240_ld_10240_10240_336,1.298457,0.275536,1.285216,current,0.275536,1.0000,Gemm_Rocblas_-1086326082,
tn_336_704_10240_ld_10240_10240_336,1.301336,0.287746,1.290426,current,0.287746,1.0000,Gemm_Rocblas_-1086326082,
tn_336_784_10240_ld_10240_10240_336,1.490441,0.408028,1.452800,current,0.408028,1.0000,Gemm_Rocblas_-1086326140,
tn_336_788_10240_ld_10240_10240_336,1.477840,0.422609,1.463209,current,0.422609,1.0000,Gemm_Rocblas_-1086326140,
tn_336_789_10240_ld_10240_10240_336,1.443990,0.434729,1.477810,current,0.434729,1.0000,Gemm_Rocblas_-1086326140,
tn_336_7_10240_ld_10240_10240_336,0.116283,0.082442,0.123182,current,0.082442,1.0000,Gemm_Rocblas_-1086326214,
tn_336_804_10240_ld_10240_10240_336,1.563162,0.442139,1.509151,current,0.442139,1.0000,Gemm_Rocblas_-1086326128,
tn_336_8_10240_ld_10240_10240_336,0.118562,0.082901,0.123422,current,0.082901,1.0000,Gemm_Rocblas_-1086326214,
tn_336_9_10240_ld_10240_10240_336,0.127893,0.082712,0.132262,current,0.082712,1.0000,Gemm_Rocblas_-1086326214,
tn_3584_1026_2560_ld_2560_2560_3584,0.932429,0.967310,0.937119,dropped,,1.0000,Gemm_Rocblas_-1086326047,
tn_3584_1028_2560_ld_2560_2560_3584,0.959780,0.964150,0.967659,current,0.964150,1.0000,Gemm_Rocblas_-1086326077,
tn_3584_1031_2560_ld_2560_2560_3584,0.968310,0.970430,0.969639,current,0.970430,1.0000,Gemm_Rocblas_-1086326045,
tn_3584_12_2560_ld_2560_2560_3584,0.127982,0.096862,0.133663,current,0.096862,1.0000,Gemm_Rocblas_-1086326284,
tn_3584_1399_2560_ld_2560_2560_3584,1.190845,1.198834,1.194734,current,1.198834,1.0000,Gemm_Rocblas_-1086326063,
tn_3584_1693_2560_ld_2560_2560_3584,1.498981,1.421599,1.496320,current,1.421599,1.0000,Gemm_Rocblas_-1086326063,
tn_3584_16_2560_ld_2560_2560_3584,0.129743,0.097362,0.133613,current,0.097362,1.0000,Gemm_Rocblas_-1086326282,
tn_3584_1969_2560_ld_2560_2560_3584,1.678094,1.641103,1.698264,current,1.641103,1.0000,Gemm_Rocblas_-1086326063,
tn_3584_1_2560_ld_2560_2560_3584,0.104882,0.064002,0.107222,current,0.064002,1.0000,Gemm_Rocblas_-9,
tn_3584_2045_2560_ld_2560_2560_3584,1.698775,1.657784,1.699214,current,1.657784,1.0000,Gemm_Rocblas_-1086326063,
tn_3584_2048_2560_ld_2560_2560_3584,1.705455,1.647344,1.682354,current,1.647344,1.0000,Gemm_Rocblas_-1086326063,
tn_3584_2066_2560_ld_2560_2560_3584,1.789546,1.707115,1.796866,current,1.707115,1.0000,Gemm_Rocblas_-1086326063,
tn_3584_2069_2560_ld_2560_2560_3584,1.802657,1.727285,1.784436,current,1.727285,1.0000,Gemm_Rocblas_-1086326063,
tn_3584_225_2560_ld_2560_2560_3584,0.270866,0.240675,0.275695,current,0.240675,1.0000,Gemm_Rocblas_-1086326277,
tn_3584_240_2560_ld_2560_2560_3584,0.280075,0.245805,0.285356,current,0.245805,1.0000,Gemm_Rocblas_-1086326277,
tn_3584_24_2560_ld_2560_2560_3584,0.127102,0.103012,0.134103,current,0.103012,1.0000,Gemm_Rocblas_-1086326246,
tn_3584_2_2560_ld_2560_2560_3584,0.099182,0.107042,0.103812,dropped,,1.0000,,
tn_3584_32_2560_ld_2560_2560_3584,0.142063,0.103412,0.146723,current,0.103412,1.0000,Gemm_Rocblas_-1086326246,
tn_3584_3_2560_ld_2560_2560_3584,0.095842,0.101602,0.098862,dropped,,1.0000,,
tn_3584_4096_2560_ld_2560_2560_3584,5.196787,3.142844,5.095802,current,3.142844,1.0000,Gemm_Rocblas_-1086326063,
tn_3584_43_2560_ld_2560_2560_3584,0.237995,0.127242,0.243095,current,0.127242,1.0000,Gemm_Rocblas_-1086326127,
tn_3584_44_2560_ld_2560_2560_3584,0.236174,0.122803,0.247115,current,0.122803,1.0000,Gemm_Rocblas_-1086326129,
tn_3584_4_2560_ld_2560_2560_3584,0.092592,0.097322,0.096072,dropped,,1.0000,,
tn_3584_56_2560_ld_2560_2560_3584,0.200284,0.131362,0.204675,current,0.131362,1.0000,Gemm_Rocblas_-1086326044,
tn_3584_5_2560_ld_2560_2560_3584,0.088912,0.094332,0.092402,dropped,,1.0000,,
tn_3584_60_2560_ld_2560_2560_3584,0.202294,0.128352,0.212164,current,0.128352,1.0000,Gemm_Rocblas_-1086326044,
tn_3584_64_2560_ld_2560_2560_3584,0.203995,0.115733,0.208704,current,0.115733,1.0000,Gemm_Rocblas_-1086326129,
tn_3584_692_2560_ld_2560_2560_3584,0.636483,0.600583,0.636833,current,0.600583,1.0000,Gemm_Rocblas_-1086326077,
tn_3584_6_2560_ld_2560_2560_3584,0.086741,0.091522,0.089932,dropped,,1.0000,,
tn_3584_701_2560_ld_2560_2560_3584,0.681554,0.653873,0.683314,current,0.653873,1.0000,Gemm_Rocblas_-1086326077,
tn_3584_704_2560_ld_2560_2560_3584,0.693064,0.672293,0.697184,current,0.672293,1.0000,Gemm_Rocblas_-1086326077,
tn_3584_784_2560_ld_2560_2560_3584,0.887598,0.775186,0.894128,current,0.775186,1.0000,Gemm_Rocblas_-1086326077,
tn_3584_788_2560_ld_2560_2560_3584,0.875658,0.774215,0.881128,current,0.774215,1.0000,Gemm_Rocblas_-1086326077,
tn_3584_789_2560_ld_2560_2560_3584,0.869948,0.792066,0.874938,current,0.792066,1.0000,Gemm_Rocblas_-1086326061,
tn_3584_7_2560_ld_2560_2560_3584,0.084382,0.089572,0.088262,dropped,,1.0000,,
tn_3584_804_2560_ld_2560_2560_3584,0.868898,0.760636,0.872958,current,0.760636,1.0000,Gemm_Rocblas_-1086326077,
tn_3584_8_2560_ld_2560_2560_3584,0.083352,0.088172,0.088342,dropped,,1.0000,,
tn_3584_9_2560_ld_2560_2560_3584,0.127713,0.097062,0.133502,current,0.097062,1.0000,Gemm_Rocblas_-1086326157,
tn_4096_1025_2560_ld_2560_2560_4096,1.136293,1.083382,1.143083,current,1.083382,1.0000,Gemm_Rocblas_-1086326277,
tn_4096_1027_2560_ld_2560_2560_4096,1.135273,1.087522,1.140583,current,1.087522,1.0000,Gemm_Rocblas_-1086326277,
tn_4096_1028_2560_ld_2560_2560_4096,1.129093,1.089792,1.142403,current,1.089792,1.0000,Gemm_Rocblas_-1086326045,
tn_4096_1029_2560_ld_2560_2560_4096,1.129363,1.098982,1.139513,current,1.098982,1.0000,Gemm_Rocblas_-1086326277,
tn_4096_1030_2560_ld_2560_2560_4096,1.130763,1.102553,1.139253,current,1.102553,1.0000,Gemm_Rocblas_-1086326268,
tn_4096_1031_2560_ld_2560_2560_4096,1.128463,1.093932,1.139233,current,1.093932,1.0000,Gemm_Rocblas_-1086326277,
tn_4096_1036_2560_ld_2560_2560_4096,1.134513,1.121883,1.141863,current,1.121883,1.0000,Gemm_Rocblas_-1086326277,
tn_4096_1042_2560_ld_2560_2560_4096,1.139474,1.080702,1.140293,current,1.080702,1.0000,Gemm_Rocblas_-1086326277,
tn_4096_1045_2560_ld_2560_2560_4096,1.134674,1.126913,1.140983,current,1.126913,1.0000,Gemm_Rocblas_-1086326277,
tn_4096_1125_2560_ld_2560_2560_4096,1.146083,1.103492,1.148674,current,1.103492,1.0000,Gemm_Rocblas_-1086326277,
tn_4096_121_2560_ld_2560_2560_4096,0.163924,0.167023,0.169103,current,0.167023,1.0000,Gemm_Rocblas_-1086326098,
tn_4096_1295_2560_ld_2560_2560_4096,1.358348,1.310427,1.364107,current,1.310427,1.0000,Gemm_Rocblas_-1086326277,
tn_4096_12_2560_ld_2560_2560_4096,0.138782,0.102772,0.143153,current,0.102772,1.0000,Gemm_Rocblas_-1086326157,
tn_4096_1323_2560_ld_2560_2560_4096,1.360338,1.341598,1.368388,current,1.341598,1.0000,Gemm_Rocblas_-1086326277,
tn_4096_1324_2560_ld_2560_2560_4096,1.361348,1.324047,1.368168,current,1.324047,1.0000,Gemm_Rocblas_-1086326277,
tn_4096_1325_2560_ld_2560_2560_4096,1.359238,1.351818,1.370868,current,1.351818,1.0000,Gemm_Rocblas_-1086326277,
tn_4096_1392_2560_ld_2560_2560_4096,1.370288,1.371887,1.379457,current,1.371887,1.0000,Gemm_Rocblas_-1086326268,
tn_4096_1399_2560_ld_2560_2560_4096,1.374588,1.400859,1.381017,current,1.400859,1.0000,Gemm_Rocblas_-1086326277,
tn_4096_16_2560_ld_2560_2560_4096,0.138973,0.102642,0.143322,current,0.102642,1.0000,Gemm_Rocblas_-1086326157,
tn_4096_1888_2560_ld_2560_2560_4096,2.002071,1.817557,2.019311,current,1.817557,1.0000,Gemm_Rocblas_-1086326268,
tn_4096_1968_2560_ld_2560_2560_4096,2.130804,1.859628,2.127913,current,1.859628,1.0000,Gemm_Rocblas_-1086326063,
tn_4096_1969_2560_ld_2560_2560_4096,2.138724,1.848717,2.122652,current,1.848717,1.0000,Gemm_Rocblas_-1086326063,
tn_4096_1_2560_ld_2560_2560_4096,0.090932,0.069602,0.096082,current,0.069602,1.0000,Gemm_Rocblas_-9,
tn_4096_2045_2560_ld_2560_2560_4096,2.097443,1.864068,2.163034,current,1.864068,1.0000,Gemm_Rocblas_-1086326063,
tn_4096_2046_2560_ld_2560_2560_4096,2.119824,1.872289,2.135663,current,1.872289,1.0000,Gemm_Rocblas_-1086326063,
tn_4096_2047_2560_ld_2560_2560_4096,2.163694,1.876808,2.167903,current,1.876808,1.0000,Gemm_Rocblas_-1086326063,
tn_4096_2048_2560_ld_2560_2560_4096,2.156684,1.852528,2.161754,current,1.852528,1.0000,Gemm_Rocblas_-1086326063,
tn_4096_2066_2560_ld_2560_2560_4096,2.230946,2.020561,2.269886,current,2.020561,1.0000,Gemm_Rocblas_-1086326063,
tn_4096_2069_2560_ld_2560_2560_4096,2.233186,1.952880,2.285896,current,1.952880,1.0000,Gemm_Rocblas_-1086326047,
tn_4096_225_2560_ld_2560_2560_4096,0.317867,0.245905,0.321886,current,0.245905,1.0000,Gemm_Rocblas_-1086326277,
tn_4096_240_2560_ld_2560_2560_4096,0.271995,0.261776,0.275795,current,0.261776,1.0000,Gemm_Rocblas_-1086326277,
tn_4096_24_2560_ld_2560_2560_4096,0.139603,0.103492,0.145363,current,0.103492,1.0000,Gemm_Rocblas_-1086326246,
tn_4096_2_2560_ld_2560_2560_4096,0.088122,0.106052,0.093651,dropped,,1.0000,,
tn_4096_3073_2560_ld_2560_2560_4096,3.286598,2.886199,3.323287,current,2.886199,1.0000,Gemm_Rocblas_-1086326063,
tn_4096_3074_2560_ld_2560_2560_4096,3.294447,2.952791,3.349257,current,2.952791,1.0000,Gemm_Rocblas_-1086326063,
tn_4096_3075_2560_ld_2560_2560_4096,3.317738,2.868518,3.303497,current,2.868518,1.0000,Gemm_Rocblas_-1086326063,
tn_4096_3076_2560_ld_2560_2560_4096,3.297118,2.897439,3.324957,current,2.897439,1.0000,Gemm_Rocblas_-1086326063,
tn_4096_3077_2560_ld_2560_2560_4096,3.299347,2.873939,3.356997,current,2.873939,1.0000,Gemm_Rocblas_-1086326063,
tn_4096_3078_2560_ld_2560_2560_4096,3.318228,2.886129,3.295817,current,2.886129,1.0000,Gemm_Rocblas_-1086326063,
tn_4096_3079_2560_ld_2560_2560_4096,3.270267,2.872048,3.343237,current,2.872048,1.0000,Gemm_Rocblas_-1086326063,
tn_4096_3081_2560_ld_2560_2560_4096,3.306148,2.865918,3.313197,current,2.865918,1.0000,Gemm_Rocblas_-1086326063,
tn_4096_3084_2560_ld_2560_2560_4096,3.361469,2.911320,3.275886,current,2.911320,1.0000,Gemm_Rocblas_-1086326063,
tn_4096_3087_2560_ld_2560_2560_4096,3.316998,2.898039,3.254705,current,2.898039,1.0000,Gemm_Rocblas_-1086326063,
tn_4096_3090_2560_ld_2560_2560_4096,3.254407,2.879339,3.280256,current,2.879339,1.0000,Gemm_Rocblas_-1086326047,
tn_4096_3093_2560_ld_2560_2560_4096,3.270207,2.923849,3.275776,current,2.923849,1.0000,Gemm_Rocblas_-1086326063,
tn_4096_32_2560_ld_2560_2560_4096,0.153443,0.104022,0.157513,current,0.104022,1.0000,Gemm_Rocblas_-1086326246,
tn_4096_3_2560_ld_2560_2560_4096,0.086302,0.101082,0.091941,dropped,,1.0000,,
tn_4096_43_2560_ld_2560_2560_4096,0.263926,0.126922,0.271615,current,0.126922,1.0000,Gemm_Rocblas_-1086326096,
tn_4096_44_2560_ld_2560_2560_4096,0.264776,0.125802,0.271356,current,0.125802,1.0000,Gemm_Rocblas_-1086326140,
tn_4096_4_2560_ld_2560_2560_4096,0.084822,0.097652,0.089892,dropped,,1.0000,,
tn_4096_56_2560_ld_2560_2560_4096,0.218365,0.131443,0.224975,current,0.131443,1.0000,Gemm_Rocblas_-1086326044,
tn_4096_5_2560_ld_2560_2560_4096,0.083601,0.094732,0.088342,dropped,,1.0000,,
tn_4096_60_2560_ld_2560_2560_4096,0.218685,0.129813,0.227015,current,0.129813,1.0000,Gemm_Rocblas_-1086326123,
tn_4096_64_2560_ld_2560_2560_4096,0.220104,0.120832,0.224485,current,0.120832,1.0000,Gemm_Rocblas_-1086326129,
tn_4096_6_2560_ld_2560_2560_4096,0.083752,0.092412,0.088522,dropped,,1.0000,,
tn_4096_784_2560_ld_2560_2560_4096,0.889668,0.847167,0.898058,current,0.847167,1.0000,Gemm_Rocblas_-1086326277,
tn_4096_788_2560_ld_2560_2560_4096,0.944759,0.892709,0.941659,current,0.892709,1.0000,Gemm_Rocblas_-1086326277,
tn_4096_789_2560_ld_2560_2560_4096,0.936269,0.887308,0.939079,current,0.887308,1.0000,Gemm_Rocblas_-1086326277,
tn_4096_7_2560_ld_2560_2560_4096,0.083731,0.090132,0.088812,dropped,,1.0000,,
tn_4096_804_2560_ld_2560_2560_4096,0.921339,0.890578,0.927319,current,0.890578,1.0000,Gemm_Rocblas_-1086326277,
tn_4096_8_2560_ld_2560_2560_4096,0.083552,0.088642,0.088551,dropped,,1.0000,,
tn_4096_9_2560_ld_2560_2560_4096,0.138732,0.102772,0.143282,current,0.102772,1.0000,Gemm_Rocblas_-1086326194,
tn_512_1024_2560_ld_2560_2560_512,0.187364,0.157323,0.191964,current,0.157323,1.0000,Gemm_Rocblas_-1086326046,
tn_512_1025_2560_ld_2560_2560_512,0.187663,0.172283,0.186224,current,0.172283,1.0000,Gemm_Rocblas_-1086326046,
tn_512_1026_2560_ld_2560_2560_512,0.187924,0.172844,0.183414,current,0.172844,1.0000,Gemm_Rocblas_-1086326098,
tn_512_1027_2560_ld_2560_2560_512,0.185483,0.172143,0.193414,current,0.172143,1.0000,Gemm_Rocblas_-1086326046,
tn_512_1028_2560_ld_2560_2560_512,0.187074,0.174494,0.187664,current,0.174494,1.0000,Gemm_Rocblas_-1086326098,
tn_512_1029_2560_ld_2560_2560_512,0.192954,0.173694,0.186414,current,0.173694,1.0000,Gemm_Rocblas_-1086326098,
tn_512_1030_2560_ld_2560_2560_512,0.190244,0.173024,0.189734,current,0.173024,1.0000,Gemm_Rocblas_-1086326098,
tn_512_1031_2560_ld_2560_2560_512,0.193514,0.172023,0.187963,current,0.172023,1.0000,Gemm_Rocblas_-1086326046,
tn_512_1033_2560_ld_2560_2560_512,0.194243,0.173484,0.190154,current,0.173484,1.0000,Gemm_Rocblas_-1086326098,
tn_512_1036_2560_ld_2560_2560_512,0.194404,0.174634,0.196474,current,0.174634,1.0000,Gemm_Rocblas_-1086326045,
tn_512_1039_2560_ld_2560_2560_512,0.203134,0.177804,0.212684,current,0.177804,1.0000,Gemm_Rocblas_-1086326098,
tn_512_1042_2560_ld_2560_2560_512,0.216165,0.177824,0.205804,current,0.177824,1.0000,Gemm_Rocblas_-1086326045,
tn_512_1045_2560_ld_2560_2560_512,0.202934,0.176114,0.211844,current,0.176114,1.0000,Gemm_Rocblas_-1086326045,
tn_512_1125_2560_ld_2560_2560_512,0.209234,0.177994,0.209195,current,0.177994,1.0000,Gemm_Rocblas_-1086326045,
tn_512_121_2560_ld_2560_2560_512,0.126373,0.070521,0.131563,current,0.070521,1.0000,Gemm_Rocblas_-1086326129,
tn_512_1264_2560_ld_2560_2560_512,0.268735,0.216894,0.275615,current,0.216894,1.0000,Gemm_Rocblas_-1086326128,
tn_512_1295_2560_ld_2560_2560_512,0.263916,0.230795,0.271985,current,0.230795,1.0000,Gemm_Rocblas_-1086326082,
tn_512_12_2560_ld_2560_2560_512,0.101232,0.045751,0.106282,current,0.045751,1.0000,Gemm_Rocblas_-1086326200,
tn_512_1323_2560_ld_2560_2560_512,0.264436,0.230805,0.270686,current,0.230805,1.0000,Gemm_Rocblas_-1086326082,
tn_512_1324_2560_ld_2560_2560_512,0.267386,0.227834,0.271725,current,0.227834,1.0000,Gemm_Rocblas_-1086326082,
tn_512_1325_2560_ld_2560_2560_512,0.266656,0.227534,0.269165,current,0.227534,1.0000,Gemm_Rocblas_-1086326082,
tn_512_1392_2560_ld_2560_2560_512,0.271065,0.232925,0.275315,current,0.232925,1.0000,Gemm_Rocblas_-1086326082,
tn_512_1399_2560_ld_2560_2560_512,0.270936,0.235905,0.274166,current,0.235905,1.0000,Gemm_Rocblas_-1086326082,
tn_512_1445_2560_ld_2560_2560_512,0.277455,0.243315,0.277336,current,0.243315,1.0000,Gemm_Rocblas_-1086326082,
tn_512_1495_2560_ld_2560_2560_512,0.286576,0.245605,0.284136,current,0.245605,1.0000,Gemm_Rocblas_-1086326082,
tn_512_1693_2560_ld_2560_2560_512,0.263195,0.263246,0.266725,current,0.263246,1.0000,Gemm_Rocblas_-1086326097,
tn_512_16_2560_ld_2560_2560_512,0.102412,0.046091,0.104812,current,0.046091,1.0000,Gemm_Rocblas_-1086326204,
tn_512_1_2560_ld_2560_2560_512,0.095692,0.022840,0.100702,current,0.022840,1.0000,Gemm_Rocblas_-9,
tn_512_2045_2560_ld_2560_2560_512,0.276226,0.275386,0.279366,current,0.275386,1.0000,Gemm_Rocblas_-1086326047,
tn_512_2046_2560_ld_2560_2560_512,0.284576,0.277395,0.287796,current,0.277395,1.0000,Gemm_Rocblas_-1086326047,
tn_512_2047_2560_ld_2560_2560_512,0.290006,0.276536,0.293656,current,0.276536,1.0000,Gemm_Rocblas_-1086326047,
tn_512_2048_2560_ld_2560_2560_512,0.290336,0.269266,0.293266,current,0.269266,1.0000,Gemm_Rocblas_-1086326063,
tn_512_2066_2560_ld_2560_2560_512,0.296586,0.279345,0.301056,current,0.279345,1.0000,Gemm_Rocblas_-1086326047,
tn_512_2069_2560_ld_2560_2560_512,0.297066,0.279335,0.299676,current,0.279335,1.0000,Gemm_Rocblas_-1086326047,
tn_512_225_2560_ld_2560_2560_512,0.179244,0.076712,0.175633,current,0.076712,1.0000,Gemm_Rocblas_-1086326129,
tn_512_240_2560_ld_2560_2560_512,0.176434,0.077842,0.177873,current,0.077842,1.0000,Gemm_Rocblas_-1086326127,
tn_512_24_2560_ld_2560_2560_512,0.105182,0.052561,0.109952,current,0.052561,1.0000,Gemm_Rocblas_-1086326210,
tn_512_2_2560_ld_2560_2560_512,0.096552,0.049291,0.101622,current,0.049291,1.0000,Gemm_Rocblas_-1086326204,
tn_512_32_2560_ld_2560_2560_512,0.111643,0.052341,0.117122,current,0.052341,1.0000,Gemm_Rocblas_-1086326210,
tn_512_3_2560_ld_2560_2560_512,0.096162,0.049111,0.101692,current,0.049111,1.0000,Gemm_Rocblas_-1086326200,
tn_512_43_2560_ld_2560_2560_512,0.110743,0.065062,0.115613,current,0.065062,1.0000,Gemm_Rocblas_-1086326200,
tn_512_44_2560_ld_2560_2560_512,0.110892,0.064701,0.115642,current,0.064701,1.0000,Gemm_Rocblas_-1086326200,
tn_512_4_2560_ld_2560_2560_512,0.094272,0.048851,0.099822,current,0.048851,1.0000,Gemm_Rocblas_-1086326200,
tn_512_56_2560_ld_2560_2560_512,0.111532,0.068452,0.117533,current,0.068452,1.0000,Gemm_Rocblas_-1086326205,
tn_512_5_2560_ld_2560_2560_512,0.096612,0.047551,0.101292,current,0.047551,1.0000,Gemm_Rocblas_-1086326200,
tn_512_60_2560_ld_2560_2560_512,0.115603,0.068611,0.119182,current,0.068611,1.0000,Gemm_Rocblas_-1086326205,
tn_512_64_2560_ld_2560_2560_512,0.114752,0.065341,0.119822,current,0.065341,1.0000,Gemm_Rocblas_-1086326211,
tn_512_692_2560_ld_2560_2560_512,0.228414,0.132912,0.232355,current,0.132912,1.0000,Gemm_Rocblas_-1086326134,
tn_512_6_2560_ld_2560_2560_512,0.096212,0.047101,0.100092,current,0.047101,1.0000,Gemm_Rocblas_-1086326200,
tn_512_701_2560_ld_2560_2560_512,0.230425,0.131663,0.232885,current,0.131663,1.0000,Gemm_Rocblas_-1086326134,
tn_512_704_2560_ld_2560_2560_512,0.228545,0.129292,0.233144,current,0.129292,1.0000,Gemm_Rocblas_-1086326134,
tn_512_784_2560_ld_2560_2560_512,0.174063,0.144493,0.180474,current,0.144493,1.0000,Gemm_Rocblas_-1086326082,
tn_512_788_2560_ld_2560_2560_512,0.174124,0.144723,0.178003,current,0.144723,1.0000,Gemm_Rocblas_-1086326082,
tn_512_789_2560_ld_2560_2560_512,0.173474,0.145113,0.178693,current,0.145113,1.0000,Gemm_Rocblas_-1086326082,
tn_512_7_2560_ld_2560_2560_512,0.097102,0.046631,0.100132,current,0.046631,1.0000,Gemm_Rocblas_-1086326200,
tn_512_804_2560_ld_2560_2560_512,0.174723,0.146253,0.180413,current,0.146253,1.0000,Gemm_Rocblas_-1086326082,
tn_512_8_2560_ld_2560_2560_512,0.096672,0.046131,0.102292,current,0.046131,1.0000,Gemm_Rocblas_-1086326200,
tn_512_9_2560_ld_2560_2560_512,0.100822,0.046051,0.105382,current,0.046051,1.0000,Gemm_Rocblas_-1086326204,
tn_62080_10_2560_ld_2560_2560_62080,2.961721,1.183094,2.981610,current,1.183094,1.0000,Gemm_Rocblas_-1086326159,
tn_62080_11_2560_ld_2560_2560_62080,2.966451,1.179514,2.982470,current,1.179514,1.0000,Gemm_Rocblas_-1086326177,
tn_62080_12_2560_ld_2560_2560_62080,2.970501,1.182264,2.982720,current,1.182264,1.0000,Gemm_Rocblas_-1086326177,
tn_62080_13_2560_ld_2560_2560_62080,2.971971,1.187705,2.984380,current,1.187705,1.0000,Gemm_Rocblas_-1086326196,
tn_62080_14_2560_ld_2560_2560_62080,2.976571,1.193475,2.985680,current,1.193475,1.0000,Gemm_Rocblas_-1086326159,
tn_62080_15_2560_ld_2560_2560_62080,2.983381,1.193705,2.986320,current,1.193705,1.0000,Gemm_Rocblas_-1086326159,
tn_62080_16_2560_ld_2560_2560_62080,2.983051,1.195604,2.988770,current,1.195604,1.0000,Gemm_Rocblas_-1086326159,
tn_62080_17_2560_ld_2560_2560_62080,2.987951,1.314066,2.999850,current,1.314066,1.0000,Gemm_Rocblas_-1086326246,
tn_62080_18_2560_ld_2560_2560_62080,2.986131,1.313877,3.000451,current,1.313877,1.0000,Gemm_Rocblas_-1086326246,
tn_62080_19_2560_ld_2560_2560_62080,2.995431,1.321747,3.002501,current,1.321747,1.0000,Gemm_Rocblas_-1086326246,
tn_62080_1_2560_ld_2560_2560_62080,2.906939,0.929259,2.930099,current,0.929259,1.0000,Gemm_Rocblas_-9,
tn_62080_20_2560_ld_2560_2560_62080,3.005662,1.331078,3.006241,current,1.331078,1.0000,Gemm_Rocblas_-1086326246,
tn_62080_21_2560_ld_2560_2560_62080,3.004322,1.338407,3.009111,current,1.338407,1.0000,Gemm_Rocblas_-1086326246,
tn_62080_22_2560_ld_2560_2560_62080,3.009042,1.345377,3.008161,current,1.345377,1.0000,Gemm_Rocblas_-1086326246,
tn_62080_24_2560_ld_2560_2560_62080,3.014802,1.350178,3.019031,current,1.350178,1.0000,Gemm_Rocblas_-1086326246,
tn_62080_2_2560_ld_2560_2560_62080,2.943431,1.006761,2.952909,current,1.006761,1.0000,Gemm_Rocblas_-1086326223,
tn_62080_32_2560_ld_2560_2560_62080,3.022672,1.440989,3.030411,current,1.440989,1.0000,Gemm_Rocblas_-1086326064,
tn_62080_3_2560_ld_2560_2560_62080,2.946390,1.010721,2.956600,current,1.010721,1.0000,Gemm_Rocblas_-1086326223,
tn_62080_4_2560_ld_2560_2560_62080,2.947031,1.012791,2.968230,current,1.012791,1.0000,Gemm_Rocblas_-1086326223,
tn_62080_5_2560_ld_2560_2560_62080,2.958700,1.043171,2.973769,current,1.043171,1.0000,Gemm_Rocblas_-1086326221,
tn_62080_6_2560_ld_2560_2560_62080,2.951801,1.048771,2.974540,current,1.048771,1.0000,Gemm_Rocblas_-1086326221,
tn_62080_7_2560_ld_2560_2560_62080,2.959991,1.052611,2.977161,current,1.052611,1.0000,Gemm_Rocblas_-1086326221,
tn_62080_8_2560_ld_2560_2560_62080,2.965201,1.057462,2.979421,current,1.057462,1.0000,Gemm_Rocblas_-1086326223,
tn_62080_9_2560_ld_2560_2560_62080,2.968780,1.169134,2.980750,current,1.169134,1.0000,Gemm_Rocblas_-1086326282,
tn_640_1024_2560_ld_2560_2560_640,0.246405,0.212864,0.251575,current,0.212864,1.0000,Gemm_Rocblas_-1086326082,
tn_640_1025_2560_ld_2560_2560_640,0.250965,0.217804,0.255426,current,0.217804,1.0000,Gemm_Rocblas_-1086326085,
tn_640_1026_2560_ld_2560_2560_640,0.250525,0.223705,0.253895,current,0.223705,1.0000,Gemm_Rocblas_-1086326083,
tn_640_1027_2560_ld_2560_2560_640,0.250825,0.226465,0.255375,current,0.226465,1.0000,Gemm_Rocblas_-1086326085,
tn_640_1028_2560_ld_2560_2560_640,0.249045,0.228335,0.254685,current,0.228335,1.0000,Gemm_Rocblas_-1086326083,
tn_640_1029_2560_ld_2560_2560_640,0.253736,0.229225,0.254115,current,0.229225,1.0000,Gemm_Rocblas_-1086326083,
tn_640_1030_2560_ld_2560_2560_640,0.258725,0.232165,0.255185,current,0.232165,1.0000,Gemm_Rocblas_-1086326083,
tn_640_1031_2560_ld_2560_2560_640,0.263195,0.231754,0.264706,current,0.231754,1.0000,Gemm_Rocblas_-1086326085,
tn_640_1033_2560_ld_2560_2560_640,0.265106,0.231205,0.264966,current,0.231205,1.0000,Gemm_Rocblas_-1086326083,
tn_640_1036_2560_ld_2560_2560_640,0.266375,0.230435,0.269145,current,0.230435,1.0000,Gemm_Rocblas_-1086326083,
tn_640_1039_2560_ld_2560_2560_640,0.265476,0.232485,0.269275,current,0.232485,1.0000,Gemm_Rocblas_-1086326083,
tn_640_1042_2560_ld_2560_2560_640,0.269826,0.232755,0.272715,current,0.232755,1.0000,Gemm_Rocblas_-1086326083,
tn_640_1045_2560_ld_2560_2560_640,0.270195,0.232515,0.270535,current,0.232515,1.0000,Gemm_Rocblas_-1086326085,
tn_640_1125_2560_ld_2560_2560_640,0.269946,0.238565,0.275866,current,0.238565,1.0000,Gemm_Rocblas_-1086326085,
tn_640_121_2560_ld_2560_2560_640,0.132073,0.075642,0.137253,current,0.075642,1.0000,Gemm_Rocblas_-1086326140,
tn_640_12300_2560_ld_2560_2560_640,1.715415,1.720635,1.721375,current,1.720635,1.0000,Gemm_Rocblas_-1086326079,
tn_640_12312_2560_ld_2560_2560_640,1.707925,1.722805,1.722684,current,1.722805,1.0000,Gemm_Rocblas_-1086326079,
tn_640_1264_2560_ld_2560_2560_640,0.287345,0.265956,0.289476,current,0.265956,1.0000,Gemm_Rocblas_-1086326047,
tn_640_128_2560_ld_2560_2560_640,0.133063,0.072382,0.136883,current,0.072382,1.0000,Gemm_Rocblas_-1086326129,
tn_640_1295_2560_ld_2560_2560_640,0.294896,0.258835,0.300256,current,0.258835,1.0000,Gemm_Rocblas_-1086326047,
tn_640_12_2560_ld_2560_2560_640,0.100872,0.046381,0.104882,current,0.046381,1.0000,Gemm_Rocblas_-1086326204,
tn_640_1323_2560_ld_2560_2560_640,0.302506,0.259146,0.306626,current,0.259146,1.0000,Gemm_Rocblas_-1086326047,
tn_640_1324_2560_ld_2560_2560_640,0.309206,0.259716,0.307136,current,0.259716,1.0000,Gemm_Rocblas_-1086326047,
tn_640_1325_2560_ld_2560_2560_640,0.305256,0.261755,0.308227,current,0.261755,1.0000,Gemm_Rocblas_-1086326047,
tn_640_1392_2560_ld_2560_2560_640,0.334687,0.264085,0.349517,current,0.264085,1.0000,Gemm_Rocblas_-1086326047,
tn_640_1399_2560_ld_2560_2560_640,0.339367,0.263745,0.340106,current,0.263745,1.0000,Gemm_Rocblas_-1086326047,
tn_640_1445_2560_ld_2560_2560_640,0.321737,0.265346,0.328427,current,0.265346,1.0000,Gemm_Rocblas_-1086326047,
tn_640_1495_2560_ld_2560_2560_640,0.327587,0.267875,0.326636,current,0.267875,1.0000,Gemm_Rocblas_-1086326047,
tn_640_16384_2560_ld_2560_2560_640,2.365638,2.218085,2.414469,current,2.218085,1.0000,Gemm_Rocblas_-1086326063,
tn_640_16_2560_ld_2560_2560_640,0.103242,0.046571,0.108092,current,0.046571,1.0000,Gemm_Rocblas_-1086326204,
tn_640_1888_2560_ld_2560_2560_640,0.351647,0.350677,0.356277,current,0.350677,1.0000,Gemm_Rocblas_-1086326082,
tn_640_1_2560_ld_2560_2560_640,0.110183,0.024601,0.114212,current,0.024601,1.0000,Gemm_Rocblas_-9,
tn_640_2069_2560_ld_2560_2560_640,0.363718,0.383828,0.369637,dropped,,1.0000,Gemm_Rocblas_-1086326277,
tn_640_224_2560_ld_2560_2560_640,0.223935,0.095212,0.230625,current,0.095212,1.0000,Gemm_Rocblas_-1086326134,
tn_640_225_2560_ld_2560_2560_640,0.199464,0.095152,0.203464,current,0.095152,1.0000,Gemm_Rocblas_-1086326134,
tn_640_240_2560_ld_2560_2560_640,0.201114,0.094161,0.207764,current,0.094161,1.0000,Gemm_Rocblas_-1086326129,
tn_640_24_2560_ld_2560_2560_640,0.105572,0.056212,0.110832,current,0.056212,1.0000,Gemm_Rocblas_-1086326204,
tn_640_2_2560_ld_2560_2560_640,0.105032,0.050251,0.108992,current,0.050251,1.0000,Gemm_Rocblas_-1086326200,
tn_640_3073_2560_ld_2560_2560_640,0.490110,0.477840,0.497560,current,0.477840,1.0000,Gemm_Rocblas_-1086326047,
tn_640_3074_2560_ld_2560_2560_640,0.513551,0.489970,0.513081,current,0.489970,1.0000,Gemm_Rocblas_-1086326047,
tn_640_3075_2560_ld_2560_2560_640,0.518031,0.494120,0.523170,current,0.494120,1.0000,Gemm_Rocblas_-1086326047,
tn_640_3076_2560_ld_2560_2560_640,0.516751,0.497250,0.526181,current,0.497250,1.0000,Gemm_Rocblas_-1086326047,
tn_640_3077_2560_ld_2560_2560_640,0.516671,0.497161,0.523540,current,0.497161,1.0000,Gemm_Rocblas_-1086326047,
tn_640_3078_2560_ld_2560_2560_640,0.516680,0.494240,0.520730,current,0.494240,1.0000,Gemm_Rocblas_-1086326047,
tn_640_3079_2560_ld_2560_2560_640,0.512341,0.493780,0.515051,current,0.493780,1.0000,Gemm_Rocblas_-1086326047,
tn_640_3081_2560_ld_2560_2560_640,0.509910,0.495080,0.519580,current,0.495080,1.0000,Gemm_Rocblas_-1086326063,
tn_640_3084_2560_ld_2560_2560_640,0.509411,0.493180,0.514500,current,0.493180,1.0000,Gemm_Rocblas_-1086326047,
tn_640_3087_2560_ld_2560_2560_640,0.508991,0.489230,0.511200,current,0.489230,1.0000,Gemm_Rocblas_-1086326047,
tn_640_3090_2560_ld_2560_2560_640,0.508180,0.491350,0.510610,current,0.491350,1.0000,Gemm_Rocblas_-1086326047,
tn_640_3093_2560_ld_2560_2560_640,0.509440,0.489560,0.510551,current,0.489560,1.0000,Gemm_Rocblas_-1086326047,
tn_640_32_2560_ld_2560_2560_640,0.112493,0.055351,0.116203,current,0.055351,1.0000,Gemm_Rocblas_-1086326202,
tn_640_3_2560_ld_2560_2560_640,0.100292,0.048961,0.104702,current,0.048961,1.0000,Gemm_Rocblas_-1086326200,
tn_640_4096_2560_ld_2560_2560_640,0.685104,0.639673,0.687013,current,0.639673,1.0000,Gemm_Rocblas_-1086326277,
tn_640_4108_2560_ld_2560_2560_640,0.681134,0.655533,0.686253,current,0.655533,1.0000,Gemm_Rocblas_-1086326077,
tn_640_4120_2560_ld_2560_2560_640,0.681524,0.655063,0.683793,current,0.655063,1.0000,Gemm_Rocblas_-1086326077,
tn_640_4132_2560_ld_2560_2560_640,0.681334,0.655863,0.685014,current,0.655863,1.0000,Gemm_Rocblas_-1086326077,
tn_640_4156_2560_ld_2560_2560_640,0.680284,0.649953,0.687453,current,0.649953,1.0000,Gemm_Rocblas_-1086326077,
tn_640_4168_2560_ld_2560_2560_640,0.684234,0.657633,0.689584,current,0.657633,1.0000,Gemm_Rocblas_-1086326077,
tn_640_4180_2560_ld_2560_2560_640,0.683424,0.656993,0.689584,current,0.656993,1.0000,Gemm_Rocblas_-1086326077,
tn_640_43_2560_ld_2560_2560_640,0.114012,0.065752,0.119092,current,0.065752,1.0000,Gemm_Rocblas_-1086326129,
tn_640_44_2560_ld_2560_2560_640,0.114322,0.066082,0.119672,current,0.066082,1.0000,Gemm_Rocblas_-1086326140,
tn_640_48_2560_ld_2560_2560_640,0.114812,0.066211,0.119242,current,0.066211,1.0000,Gemm_Rocblas_-1086326129,
tn_640_4_2560_ld_2560_2560_640,0.098212,0.048321,0.101822,current,0.048321,1.0000,Gemm_Rocblas_-1086326200,
tn_640_56_2560_ld_2560_2560_640,0.115233,0.066681,0.119903,current,0.066681,1.0000,Gemm_Rocblas_-1086326140,
tn_640_5_2560_ld_2560_2560_640,0.097462,0.047771,0.102012,current,0.047771,1.0000,Gemm_Rocblas_-1086326200,
tn_640_60_2560_ld_2560_2560_640,0.116442,0.067531,0.120333,current,0.067531,1.0000,Gemm_Rocblas_-1086326140,
tn_640_692_2560_ld_2560_2560_640,0.230295,0.152273,0.231865,current,0.152273,1.0000,Gemm_Rocblas_-1086326098,
tn_640_6_2560_ld_2560_2560_640,0.097282,0.046851,0.100682,current,0.046851,1.0000,Gemm_Rocblas_-1086326204,
tn_640_701_2560_ld_2560_2560_640,0.230235,0.152273,0.231795,current,0.152273,1.0000,Gemm_Rocblas_-1086326098,
tn_640_704_2560_ld_2560_2560_640,0.230444,0.150893,0.232255,current,0.150893,1.0000,Gemm_Rocblas_-1086326078,
tn_640_784_2560_ld_2560_2560_640,0.201734,0.156173,0.206005,current,0.156173,1.0000,Gemm_Rocblas_-1086326077,
tn_640_788_2560_ld_2560_2560_640,0.201804,0.154213,0.204374,current,0.154213,1.0000,Gemm_Rocblas_-1086326098,
tn_640_789_2560_ld_2560_2560_640,0.201604,0.154733,0.204424,current,0.154733,1.0000,Gemm_Rocblas_-1086326098,
tn_640_7_2560_ld_2560_2560_640,0.097162,0.047381,0.101142,current,0.047381,1.0000,Gemm_Rocblas_-1086326200,
tn_640_804_2560_ld_2560_2560_640,0.203854,0.159143,0.206844,current,0.159143,1.0000,Gemm_Rocblas_-1086326098,
tn_640_8192_2560_ld_2560_2560_640,1.157734,1.182854,1.164103,current,1.182854,1.0000,Gemm_Rocblas_-1086326063,
tn_640_8_2560_ld_2560_2560_640,0.097242,0.046741,0.046691,current,0.046741,1.0000,Gemm_Rocblas_-1086326200,Gemm_Rocblas_-1086326200
tn_640_96_2560_ld_2560_2560_640,0.134493,0.074351,0.138543,current,0.074351,1.0000,Gemm_Rocblas_-1086326129,
tn_640_9_2560_ld_2560_2560_640,0.101492,0.046501,0.104332,current,0.046501,1.0000,Gemm_Rocblas_-1086326204,
tn_864_6272_1152_ld_1152_1152_864,0.572652,0.579941,0.576832,current,0.579941,1.0000,Gemm_Rocblas_-1086326036,
