Validator,PT_VERSION,2.13.0
Validator,HIP_VERSION,715
Validator,HIPBLASLT_VERSION,100401-8d1ae90e
Validator,GCN_ARCH_NAME,gfx1030
Validator,ROCBLAS_VERSION,5.6.0.8d1ae90e
GemmTunableOp_Half_TN,tn_3584_4096_2560_ld_2560_2560_3584,Gemm_Rocblas_-1086327703,2.741127332051595
GemmTunableOp_Half_TN,tn_10240_4096_2560_ld_2560_2560_10240,Gemm_Rocblas_-1086327687,8.088013648986816
GemmTunableOp_Half_TN,tn_512_4096_2560_ld_2560_2560_512,Default,0.44048919975757594
GemmTunableOp_Half_TN,tn_2560_4096_1536_ld_1536_1536_2560,Gemm_Rocblas_-1086327687,1.236831137112209
GemmTunableOp_Half_TN,tn_4096_4096_2560_ld_2560_2560_4096,Gemm_Rocblas_-1086327687,3.255955457687378
GemmTunableOp_Half_TN,tn_10240_4096_320_ld_320_320_10240,Gemm_Rocblas_-1086327680,0.9581703212526109
GemmTunableOp_Half_TN,tn_3584_2048_2560_ld_2560_2560_3584,Gemm_Rocblas_-1086327703,1.5518894791603088
GemmTunableOp_Half_TN,tn_4096_1024_2560_ld_2560_2560_4096,Default,0.862690407037735
GemmTunableOp_Half_TN,tn_336_4096_10240_ld_10240_10240_336,Gemm_Rocblas_-1086327717,1.3298028537205286
GemmTunableOp_Half_TN,tn_10240_1024_320_ld_320_320_10240,Default,0.2135655999183655
GemmTunableOp_Half_TN,tn_512_1024_2560_ld_2560_2560_512,Gemm_Rocblas_-1086327686,0.1416491001844406
GemmTunableOp_Half_TN,tn_2560_1024_1536_ld_1536_1536_2560,Gemm_Rocblas_-1086327717,0.33198649585247036
GemmTunableOp_Half_TN,tn_336_2048_10240_ld_10240_10240_336,Gemm_Rocblas_-1086327913,0.8577114939689636
GemmTunableOp_Half_TN,tn_10240_2048_320_ld_320_320_10240,Default,0.4973964989185333
GemmTunableOp_Half_TN,tn_336_1024_10240_ld_10240_10240_336,Gemm_Rocblas_-1086327768,0.381394699215889
GemmTunableOp_Half_TN,tn_10240_2048_2560_ld_2560_2560_10240,Default,3.9225404262542725
GemmTunableOp_Half_TN,tn_10240_1024_2560_ld_2560_2560_10240,Gemm_Rocblas_-1086327687,2.0112155079841614
GemmTunableOp_Half_TN,tn_3584_1024_2560_ld_2560_2560_3584,Gemm_Rocblas_-1086327908,0.7334822058677672
GemmTunableOp_Half_TN,tn_512_2048_2560_ld_2560_2560_512,Gemm_Rocblas_-1086327917,0.24983040243387222
GemmTunableOp_Half_TN,tn_4096_2048_2560_ld_2560_2560_4096,Gemm_Rocblas_-1086327687,1.745719599723816
GemmTunableOp_Half_TN,tn_2560_2048_1536_ld_1536_1536_2560,Gemm_Rocblas_-1086327703,0.6781385064125061
GemmTunableOp_Half_TN,tn_3584_8192_2560_ld_2560_2560_3584,Gemm_Rocblas_-1086327703,5.573468208312988
GemmTunableOp_Half_TN,tn_10240_8192_2560_ld_2560_2560_10240,Gemm_Rocblas_-1086327687,16.77069664001465
GemmTunableOp_Half_TN,tn_512_8192_2560_ld_2560_2560_512,Gemm_Rocblas_-1086327687,0.8968370974063873
GemmTunableOp_Half_TN,tn_4096_8192_2560_ld_2560_2560_4096,Gemm_Rocblas_-1086327687,6.2995710372924805
GemmTunableOp_Half_TN,tn_10240_8192_320_ld_320_320_10240,Default,1.7838364124298096
GemmTunableOp_Half_TN,tn_2560_8192_1536_ld_1536_1536_2560,Gemm_Rocblas_-1086327687,2.3451156616210938
GemmTunableOp_Half_TN,tn_336_8192_10240_ld_10240_10240_336,Default,2.543989340464274
GemmTunableOp_Half_TN,tn_10240_3200_2560_ld_2560_2560_10240,Gemm_Rocblas_-1086327687,6.1836419105529785
GemmTunableOp_Half_TN,tn_512_3200_2560_ld_2560_2560_512,Default,0.35899280011653906
GemmTunableOp_Half_TN,tn_2560_3200_1536_ld_1536_1536_2560,Gemm_Rocblas_-1086327687,1.0624495479795668
GemmTunableOp_Half_TN,tn_512_800_2560_ld_2560_2560_512,Gemm_Rocblas_-1086327718,0.13404150009155275
GemmTunableOp_Half_TN,tn_3584_3200_2560_ld_2560_2560_3584,Gemm_Rocblas_-1086327687,2.4493227005004883
GemmTunableOp_Half_TN,tn_2560_800_1536_ld_1536_1536_2560,Gemm_Rocblas_-1086327908,0.25010700076818465
GemmTunableOp_Half_TN,tn_4096_800_2560_ld_2560_2560_4096,Gemm_Rocblas_-1086327908,0.8126650989055634
GemmTunableOp_Half_TN,tn_336_800_10240_ld_10240_10240_336,Gemm_Rocblas_-1086327768,0.3950043022632599
GemmTunableOp_Half_TN,tn_10240_800_2560_ld_2560_2560_10240,Gemm_Rocblas_-1086327685,1.9644622087478638
GemmTunableOp_Half_TN,tn_2560_2400_1536_ld_1536_1536_2560,Gemm_Rocblas_-1086327719,0.8143303990364075
GemmTunableOp_Half_TN,tn_512_4000_2560_ld_2560_2560_512,Gemm_Rocblas_-1086327687,0.45777619779109957
GemmTunableOp_Half_TN,tn_336_3200_10240_ld_10240_10240_336,Gemm_Rocblas_-1086327722,1.1390324433644612
GemmTunableOp_Half_TN,tn_3584_4000_2560_ld_2560_2560_3584,Gemm_Rocblas_-1086327703,2.8441906770070395
GemmTunableOp_Half_TN,tn_3584_800_2560_ld_2560_2560_3584,Gemm_Rocblas_-1086327717,0.7164281964302064
GemmTunableOp_Half_TN,tn_10240_800_320_ld_320_320_10240,Default,0.21939450055360793
GemmTunableOp_Half_TN,tn_10240_4000_320_ld_320_320_10240,Default,0.8014742076396942
GemmTunableOp_Half_TN,tn_4096_4000_2560_ld_2560_2560_4096,Gemm_Rocblas_-1086327680,3.238685965538025
GemmTunableOp_Half_TN,tn_10240_4000_2560_ld_2560_2560_10240,Default,7.164065837860107
GemmTunableOp_Half_TN,tn_2560_4000_1536_ld_1536_1536_2560,Gemm_Rocblas_-1086327687,1.2284562758037023
GemmTunableOp_Half_TN,tn_10240_1600_320_ld_320_320_10240,Gemm_Rocblas_-1086327935,0.42442499995231625
GemmTunableOp_Half_TN,tn_10240_3200_320_ld_320_320_10240,Gemm_Rocblas_-1086327935,0.7862381041049957
GemmTunableOp_Half_TN,tn_10240_2400_320_ld_320_320_10240,Gemm_Rocblas_-1086327935,0.6065156936645507
GemmTunableOp_Half_TN,tn_4096_1600_2560_ld_2560_2560_4096,Gemm_Rocblas_-1086327687,1.4893641869227092
GemmTunableOp_Half_TN,tn_2560_1600_1536_ld_1536_1536_2560,Gemm_Rocblas_-1086327719,0.562278699874878
GemmTunableOp_Half_TN,tn_336_4000_10240_ld_10240_10240_336,Gemm_Rocblas_-1086327722,1.2028587460517883
GemmTunableOp_Half_TN,tn_10240_1600_2560_ld_2560_2560_10240,Default,3.4266610145568848
GemmTunableOp_Half_TN,tn_512_2400_2560_ld_2560_2560_512,Gemm_Rocblas_-1086327722,0.3049439966678619
GemmTunableOp_Half_TN,tn_4096_2400_2560_ld_2560_2560_4096,Gemm_Rocblas_-1086327687,2.0483949780464172
GemmTunableOp_Half_TN,tn_512_1600_2560_ld_2560_2560_512,Gemm_Rocblas_-1086327684,0.2213384985923767
GemmTunableOp_Half_TN,tn_3584_1600_2560_ld_2560_2560_3584,Gemm_Rocblas_-1086327908,1.3201304163251606
GemmTunableOp_Half_TN,tn_336_2400_10240_ld_10240_10240_336,Gemm_Rocblas_-1086327687,0.8649905979633332
GemmTunableOp_Half_TN,tn_4096_3200_2560_ld_2560_2560_4096,Gemm_Rocblas_-1086327687,2.6948750019073486
GemmTunableOp_Half_TN,tn_336_1600_10240_ld_10240_10240_336,Gemm_Rocblas_-1086327722,0.6882919013500213
GemmTunableOp_Half_TN,tn_10240_2400_2560_ld_2560_2560_10240,Default,4.874141216278076
GemmTunableOp_Half_TN,tn_3584_2400_2560_ld_2560_2560_3584,Gemm_Rocblas_-1086327703,1.823599600791931
GemmTunableOp_Half_TN,tn_3584_3072_2560_ld_2560_2560_3584,Default,2.1776142716407776
GemmTunableOp_Half_TN,tn_512_3072_2560_ld_2560_2560_512,Gemm_Rocblas_-1086327917,0.35291939675807954
GemmTunableOp_Half_TN,tn_10240_3072_2560_ld_2560_2560_10240,Default,5.369811058044434
GemmTunableOp_Half_TN,tn_2560_3072_1536_ld_1536_1536_2560,Gemm_Rocblas_-1086327687,0.9427887916564941
GemmTunableOp_Half_TN,tn_4096_3072_2560_ld_2560_2560_4096,Gemm_Rocblas_-1086327703,2.4409006436665854
GemmTunableOp_Half_TN,tn_10240_3072_320_ld_320_320_10240,Default,0.5975969970226287
GemmTunableOp_Half_TN,tn_336_3072_10240_ld_10240_10240_336,Gemm_Rocblas_-1086327908,0.8320548951625824
