Validator,PT_VERSION,2.12.0
Validator,HIP_VERSION,714
Validator,HIPBLASLT_VERSION,100401-cd957402
Validator,GCN_ARCH_NAME,gfx1030
Validator,ROCBLAS_VERSION,5.5.0.cd957402
GemmTunableOp_Half_TN,tn_336_2048_10240_ld_10240_10240_336,Gemm_Rocblas_-1086326082,0.8236613988876342
GemmTunableOp_Half_TN,tn_10240_2048_320_ld_320_320_10240,Default,0.46321
GemmTunableOp_Half_TN,tn_4096_2048_2560_ld_2560_2560_4096,Gemm_Rocblas_-1086326063,1.8077501773834228
GemmTunableOp_Half_TN,tn_24_2048_2560_ld_2560_2560_24,Gemm_Rocblas_-1086326139,0.0588471
GemmTunableOp_Half_TN,tn_2560_2048_1536_ld_1536_1536_2560,Gemm_Rocblas_-1086326047,0.6326909899711609
GemmTunableOp_Half_TN,tn_512_2048_2560_ld_2560_2560_512,Gemm_Rocblas_-1086326047,0.25600339770317077
GemmTunableOp_Half_TN,tn_320_2048_2560_ld_2560_2560_320,Gemm_Rocblas_-1086326082,0.192476
GemmTunableOp_Half_TN,tn_2560_2048_160_ld_160_160_2560,Default,0.0670016
GemmTunableOp_Half_NN,nn_1_2048_2560_ld_1_2560_1,Gemm_Rocblas_-9,0.0352132
GemmTunableOp_Half_TN,tn_10240_2048_2560_ld_2560_2560_10240,Gemm_Rocblas_-1086326047,4.127982807159424
GemmTunableOp_Half_TN,tn_2560_2048_2560_ld_2560_2560_2560,Gemm_Rocblas_-1086326063,1.10171
GemmTunableOp_Half_TN,tn_3584_2048_2560_ld_2560_2560_3584,Gemm_Rocblas_-1086326063,1.603476619720459
GemmTunableOp_Half_TN,tn_320_2048_10240_ld_10240_10240_320,Gemm_Rocblas_-1086326082,0.810986
GemmTunableOp_Half_TN,tn_336_16_10240_ld_10240_10240_336,Gemm_Rocblas_-1086326210,0.06096099838614464
GemmTunableOp_Half_TN,tn_10240_16_320_ld_320_320_10240,Gemm_Rocblas_-1086326190,0.025936200097203255
GemmTunableOp_Half_TN,tn_4096_16_2560_ld_2560_2560_4096,Gemm_Rocblas_-1086326194,0.0829452008008957
GemmTunableOp_Half_TN,tn_24_16_2560_ld_2560_2560_24,Gemm_Rocblas_-1086326201,0.0234607
GemmTunableOp_Half_TN,tn_2560_16_1536_ld_1536_1536_2560,Gemm_Rocblas_-1086326194,0.041000600159168246
GemmTunableOp_Half_TN,tn_320_16_2560_ld_2560_2560_320,Gemm_Rocblas_-1086326210,0.0245927
GemmTunableOp_Half_TN,tn_2560_16_160_ld_160_160_2560,Gemm_Rocblas_-1086326143,0.0124362
GemmTunableOp_Half_NN,nn_1_16_2560_ld_1_2560_1,Gemm_Rocblas_-9,0.0135286
GemmTunableOp_Half_TN,tn_512_16_2560_ld_2560_2560_512,Gemm_Rocblas_-1086326210,0.025759999826550483
GemmTunableOp_Half_TN,tn_10240_16_2560_ld_2560_2560_10240,Gemm_Rocblas_-1086326175,0.1739463984966278
GemmTunableOp_Half_TN,tn_2560_16_2560_ld_2560_2560_2560,Gemm_Rocblas_-1086326157,0.0618436
GemmTunableOp_Half_TN,tn_3584_16_2560_ld_2560_2560_3584,Gemm_Rocblas_-1086326175,0.07587299942970276
GemmTunableOp_Half_TN,tn_320_16_10240_ld_10240_10240_320,Gemm_Rocblas_-1086326214,0.0618968
GemmTunableOp_Half_TN,tn_1152_12544_1536_ld_1536_1536_1152,Default,1.24403
GemmTunableOp_Half_TN,tn_864_12544_1152_ld_1152_1152_864,Default,0.735671
GemmStridedBatchedTunableOp_float_TN,tn_6272_6272_72_B_4_ld_288_288_6272,Gemm_Rocblas_-1086325247,1.91112
GemmStridedBatchedTunableOp_float_NN,nn_72_6272_6272_B_4_ld_288_6272_72,Default,2.4044
GemmTunableOp_Half_TN,tn_1152_12544_288_ld_288_288_1152,Default,0.308268
GemmTunableOp_Half_TN,tn_1076_12544_1152_ld_1152_1152_1076,Default,0.965355
GemmTunableOp_Half_TN,tn_1152_12544_1076_ld_1076_1076_1152,Default,1.06163
GemmTunableOp_Half_TN,tn_1152_3136_4608_ld_4608_4608_1152,Gemm_Rocblas_-1086326063,1.51283
GemmTunableOp_Half_TN,tn_2560_3136_1152_ld_1152_1152_2560,Gemm_Rocblas_-1086326047,0.770319
GemmTunableOp_Half_TN,tn_336_4096_10240_ld_10240_10240_336,Gemm_Rocblas_-1086326077,1.38895
GemmTunableOp_Half_TN,tn_10240_4096_320_ld_320_320_10240,Gemm_Rocblas_-1086326056,0.926163
GemmTunableOp_Half_TN,tn_4096_4096_2560_ld_2560_2560_4096,Default,3.31869
GemmTunableOp_Half_TN,tn_24_4096_2560_ld_2560_2560_24,Gemm_Rocblas_-1086326246,0.0814872
GemmTunableOp_Half_TN,tn_2560_4096_1536_ld_1536_1536_2560,Default,0.897838
GemmTunableOp_Half_TN,tn_512_4096_2560_ld_2560_2560_512,Default,0.350896
GemmTunableOp_Half_TN,tn_320_4096_2560_ld_2560_2560_320,Gemm_Rocblas_-1086326268,0.318052
GemmTunableOp_Half_TN,tn_2560_4096_160_ld_160_160_2560,Default,0.113114
GemmTunableOp_Half_NN,nn_1_4096_2560_ld_1_2560_1,Gemm_Rocblas_-9,0.050408
GemmTunableOp_Half_TN,tn_10240_4096_2560_ld_2560_2560_10240,Default,6.66137
GemmTunableOp_Half_TN,tn_2560_4096_2560_ld_2560_2560_2560,Gemm_Rocblas_-1086326063,1.70785
GemmTunableOp_Half_TN,tn_3584_4096_2560_ld_2560_2560_3584,Gemm_Rocblas_-1086326063,2.42429
GemmTunableOp_Half_TN,tn_320_4096_10240_ld_10240_10240_320,Gemm_Rocblas_-1086326077,1.20561
GemmTunableOp_Half_TN,tn_640_16_2560_ld_2560_2560_640,Gemm_Rocblas_-1086326204,0.024818
GemmTunableOp_Half_TN,tn_62080_16_2560_ld_2560_2560_62080,Gemm_Rocblas_-1086326159,1.05159
GemmTunableOp_Half_TN,tn_640_2048_2560_ld_2560_2560_640,Default,0.297313
GemmTunableOp_Half_TN,tn_336_1024_10240_ld_10240_10240_336,Gemm_Rocblas_-1086326082,0.41350200176239016
GemmTunableOp_Half_TN,tn_10240_1024_320_ld_320_320_10240,Default,0.229994
GemmTunableOp_Half_TN,tn_4096_1024_2560_ld_2560_2560_4096,Default,0.80721
GemmTunableOp_Half_TN,tn_24_1024_2560_ld_2560_2560_24,Gemm_Rocblas_-1086326202,0.043476
GemmTunableOp_Half_TN,tn_2560_1024_1536_ld_1536_1536_2560,Gemm_Rocblas_-1086326077,0.3500522017478943
GemmTunableOp_Half_TN,tn_512_1024_2560_ld_2560_2560_512,Gemm_Rocblas_-1086326098,0.14292220175266265
GemmTunableOp_Half_TN,tn_320_1024_2560_ld_2560_2560_320,Gemm_Rocblas_-1086326128,0.12309
GemmTunableOp_Half_TN,tn_2560_1024_160_ld_160_160_2560,Gemm_Rocblas_-1086326054,0.0430372
GemmTunableOp_Half_NN,nn_1_1024_2560_ld_1_2560_1,Gemm_Rocblas_-9,0.02021
GemmTunableOp_Half_TN,tn_10240_1024_2560_ld_2560_2560_10240,Gemm_Rocblas_-1086326047,2.1662975788116454
GemmTunableOp_Half_TN,tn_2560_1024_2560_ld_2560_2560_2560,Gemm_Rocblas_-1086326277,0.554948
GemmTunableOp_Half_TN,tn_3584_1024_2560_ld_2560_2560_3584,Default,0.68754
GemmTunableOp_Half_TN,tn_640_1024_2560_ld_2560_2560_640,Gemm_Rocblas_-1086326082,0.1942
GemmTunableOp_Half_TN,tn_320_1024_10240_ld_10240_10240_320,Gemm_Rocblas_-1086326082,0.402021
GemmTunableOp_Half_TN,tn_336_3073_10240_ld_10240_10240_336,Gemm_Rocblas_-1086326082,1.23704
GemmTunableOp_Half_TN,tn_10240_3073_320_ld_320_320_10240,Default,0.810928
GemmTunableOp_Half_TN,tn_4096_3073_2560_ld_2560_2560_4096,Gemm_Rocblas_-1086326063,2.6929
GemmTunableOp_Half_TN,tn_24_3073_2560_ld_2560_2560_24,Gemm_Rocblas_-1086326246,0.070844
GemmTunableOp_Half_TN,tn_2560_3073_1536_ld_1536_1536_2560,Default,1.04441
GemmTunableOp_Half_TN,tn_512_3073_2560_ld_2560_2560_512,Default,0.295661
GemmTunableOp_Half_TN,tn_320_3073_2560_ld_2560_2560_320,Gemm_Rocblas_-1086326082,0.314173
GemmTunableOp_Half_TN,tn_2560_3073_160_ld_160_160_2560,Default,0.10871
GemmTunableOp_Half_NN,nn_1_3073_2560_ld_1_2560_1,Gemm_Rocblas_-9,0.041614
GemmTunableOp_Half_TN,tn_10240_3073_2560_ld_2560_2560_10240,Default,5.7816
GemmTunableOp_Half_TN,tn_2560_3073_2560_ld_2560_2560_2560,Gemm_Rocblas_-1086326079,1.81378
GemmTunableOp_Half_TN,tn_3584_3073_2560_ld_2560_2560_3584,Default,2.36962
GemmTunableOp_Half_TN,tn_640_3073_2560_ld_2560_2560_640,Gemm_Rocblas_-1086326047,0.46862
GemmTunableOp_Half_TN,tn_320_3073_10240_ld_10240_10240_320,Gemm_Rocblas_-1086326082,1.1289
GemmTunableOp_Half_TN,tn_336_3076_10240_ld_10240_10240_336,Gemm_Rocblas_-1086326082,1.14201
GemmTunableOp_Half_TN,tn_10240_3076_320_ld_320_320_10240,Gemm_Rocblas_-1086326056,0.840768
GemmTunableOp_Half_TN,tn_4096_3076_2560_ld_2560_2560_4096,Gemm_Rocblas_-1086326063,2.73606
GemmTunableOp_Half_TN,tn_24_3076_2560_ld_2560_2560_24,Gemm_Rocblas_-1086326246,0.0704784
GemmTunableOp_Half_TN,tn_2560_3076_1536_ld_1536_1536_2560,Default,0.969754
GemmTunableOp_Half_TN,tn_512_3076_2560_ld_2560_2560_512,Default,0.294953
GemmTunableOp_Half_TN,tn_320_3076_2560_ld_2560_2560_320,Gemm_Rocblas_-1086326082,0.30195
GemmTunableOp_Half_TN,tn_2560_3076_160_ld_160_160_2560,Default,0.11005
GemmTunableOp_Half_NN,nn_1_3076_2560_ld_1_2560_1,Gemm_Rocblas_-9,0.041588
GemmTunableOp_Half_TN,tn_10240_3076_2560_ld_2560_2560_10240,Default,6.42888
GemmTunableOp_Half_TN,tn_2560_3076_2560_ld_2560_2560_2560,Gemm_Rocblas_-1086326277,1.72486
GemmTunableOp_Half_TN,tn_3584_3076_2560_ld_2560_2560_3584,Default,2.23401
GemmTunableOp_Half_TN,tn_640_3076_2560_ld_2560_2560_640,Gemm_Rocblas_-1086326047,0.430359
GemmTunableOp_Half_TN,tn_320_3076_10240_ld_10240_10240_320,Gemm_Rocblas_-1086326082,1.17144
GemmTunableOp_Half_TN,tn_336_1031_10240_ld_10240_10240_336,Gemm_Rocblas_-1086326082,0.434947
GemmTunableOp_Half_TN,tn_10240_1031_320_ld_320_320_10240,Gemm_Rocblas_-1086326295,0.284562
GemmTunableOp_Half_TN,tn_4096_1031_2560_ld_2560_2560_4096,Gemm_Rocblas_-1086326277,0.953798
GemmTunableOp_Half_TN,tn_24_1031_2560_ld_2560_2560_24,Gemm_Rocblas_-1086326202,0.0438768
GemmTunableOp_Half_TN,tn_2560_1031_1536_ld_1536_1536_2560,Default,0.350219
GemmTunableOp_Half_TN,tn_512_1031_2560_ld_2560_2560_512,Gemm_Rocblas_-1086326046,0.133311
GemmTunableOp_Half_TN,tn_320_1031_2560_ld_2560_2560_320,Gemm_Rocblas_-1086326128,0.128897
GemmTunableOp_Half_TN,tn_2560_1031_160_ld_160_160_2560,Gemm_Rocblas_-1086326068,0.0504384
GemmTunableOp_Half_NN,nn_1_1031_2560_ld_1_2560_1,Gemm_Rocblas_-9,0.0203032
GemmTunableOp_Half_TN,tn_10240_1031_2560_ld_2560_2560_10240,Gemm_Rocblas_-1086326045,2.34743
GemmTunableOp_Half_TN,tn_2560_1031_2560_ld_2560_2560_2560,Default,0.656316
GemmTunableOp_Half_TN,tn_3584_1031_2560_ld_2560_2560_3584,Default,0.750058
GemmTunableOp_Half_TN,tn_640_1031_2560_ld_2560_2560_640,Gemm_Rocblas_-1086326085,0.211978
GemmTunableOp_Half_TN,tn_320_1031_10240_ld_10240_10240_320,Gemm_Rocblas_-1086326082,0.438767
GemmTunableOp_Half_TN,tn_640_4096_2560_ld_2560_2560_640,Gemm_Rocblas_-1086326277,0.599833
GemmTunableOp_Half_TN,tn_336_3074_10240_ld_10240_10240_336,Gemm_Rocblas_-1086326082,1.16452
GemmTunableOp_Half_TN,tn_10240_3074_320_ld_320_320_10240,Default,0.762293
GemmTunableOp_Half_TN,tn_4096_3074_2560_ld_2560_2560_4096,Gemm_Rocblas_-1086326063,2.68794
GemmTunableOp_Half_TN,tn_24_3074_2560_ld_2560_2560_24,Gemm_Rocblas_-1086326246,0.0704116
GemmTunableOp_Half_TN,tn_2560_3074_1536_ld_1536_1536_2560,Default,0.951912
GemmTunableOp_Half_TN,tn_512_3074_2560_ld_2560_2560_512,Default,0.295376
GemmTunableOp_Half_TN,tn_320_3074_2560_ld_2560_2560_320,Gemm_Rocblas_-1086326082,0.315982
GemmTunableOp_Half_TN,tn_2560_3074_160_ld_160_160_2560,Default,0.10969
GemmTunableOp_Half_NN,nn_1_3074_2560_ld_1_2560_1,Gemm_Rocblas_-9,0.0415396
GemmTunableOp_Half_TN,tn_10240_3074_2560_ld_2560_2560_10240,Default,6.55783
GemmTunableOp_Half_TN,tn_2560_3074_2560_ld_2560_2560_2560,Gemm_Rocblas_-1086326063,1.79107
GemmTunableOp_Half_TN,tn_3584_3074_2560_ld_2560_2560_3584,Default,2.36412
GemmTunableOp_Half_TN,tn_640_3074_2560_ld_2560_2560_640,Gemm_Rocblas_-1086326047,0.468724
GemmTunableOp_Half_TN,tn_320_3074_10240_ld_10240_10240_320,Gemm_Rocblas_-1086326082,1.15697
GemmTunableOp_Half_TN,tn_336_3075_10240_ld_10240_10240_336,Gemm_Rocblas_-1086326082,1.18509
GemmTunableOp_Half_TN,tn_10240_3075_320_ld_320_320_10240,Default,0.779664
GemmTunableOp_Half_TN,tn_4096_3075_2560_ld_2560_2560_4096,Gemm_Rocblas_-1086326063,2.66092
GemmTunableOp_Half_TN,tn_24_3075_2560_ld_2560_2560_24,Gemm_Rocblas_-1086326246,0.0706264
GemmTunableOp_Half_TN,tn_2560_3075_1536_ld_1536_1536_2560,Gemm_Rocblas_-1086326063,1.03252
GemmTunableOp_Half_TN,tn_512_3075_2560_ld_2560_2560_512,Default,0.296688
GemmTunableOp_Half_TN,tn_320_3075_2560_ld_2560_2560_320,Gemm_Rocblas_-1086326082,0.318558
GemmTunableOp_Half_TN,tn_2560_3075_160_ld_160_160_2560,Default,0.110281
GemmTunableOp_Half_NN,nn_1_3075_2560_ld_1_2560_1,Gemm_Rocblas_-9,0.0415272
GemmTunableOp_Half_TN,tn_10240_3075_2560_ld_2560_2560_10240,Default,6.63298
GemmTunableOp_Half_TN,tn_2560_3075_2560_ld_2560_2560_2560,Gemm_Rocblas_-1086326277,1.72939
GemmTunableOp_Half_TN,tn_3584_3075_2560_ld_2560_2560_3584,Default,2.24538
GemmTunableOp_Half_TN,tn_640_3075_2560_ld_2560_2560_640,Gemm_Rocblas_-1086326047,0.444512
GemmTunableOp_Half_TN,tn_320_3075_10240_ld_10240_10240_320,Gemm_Rocblas_-1086326082,1.19526
GemmTunableOp_Half_TN,tn_336_3077_10240_ld_10240_10240_336,Gemm_Rocblas_-1086326082,1.13862
GemmTunableOp_Half_TN,tn_10240_3077_320_ld_320_320_10240,Default,0.737179
GemmTunableOp_Half_TN,tn_4096_3077_2560_ld_2560_2560_4096,Gemm_Rocblas_-1086326063,2.62309
GemmTunableOp_Half_TN,tn_24_3077_2560_ld_2560_2560_24,Gemm_Rocblas_-1086326246,0.0706892
GemmTunableOp_Half_TN,tn_2560_3077_1536_ld_1536_1536_2560,Default,0.993055
GemmTunableOp_Half_TN,tn_512_3077_2560_ld_2560_2560_512,Default,0.293506
GemmTunableOp_Half_TN,tn_320_3077_2560_ld_2560_2560_320,Gemm_Rocblas_-1086326082,0.318778
GemmTunableOp_Half_TN,tn_2560_3077_160_ld_160_160_2560,Default,0.110332
GemmTunableOp_Half_NN,nn_1_3077_2560_ld_1_2560_1,Gemm_Rocblas_-9,0.0416036
GemmTunableOp_Half_TN,tn_10240_3077_2560_ld_2560_2560_10240,Default,6.51809
GemmTunableOp_Half_TN,tn_2560_3077_2560_ld_2560_2560_2560,Default,1.64151
GemmTunableOp_Half_TN,tn_3584_3077_2560_ld_2560_2560_3584,Default,2.24841
GemmTunableOp_Half_TN,tn_640_3077_2560_ld_2560_2560_640,Gemm_Rocblas_-1086326047,0.455917
GemmTunableOp_Half_TN,tn_320_3077_10240_ld_10240_10240_320,Gemm_Rocblas_-1086326082,1.18565
GemmTunableOp_Half_TN,tn_336_3078_10240_ld_10240_10240_336,Gemm_Rocblas_-1086326082,1.14039
GemmTunableOp_Half_TN,tn_10240_3078_320_ld_320_320_10240,Default,0.731046
GemmTunableOp_Half_TN,tn_4096_3078_2560_ld_2560_2560_4096,Gemm_Rocblas_-1086326063,2.74694
GemmTunableOp_Half_TN,tn_24_3078_2560_ld_2560_2560_24,Gemm_Rocblas_-1086326246,0.0712828
GemmTunableOp_Half_TN,tn_2560_3078_1536_ld_1536_1536_2560,Gemm_Rocblas_-1086326063,0.998196
GemmTunableOp_Half_TN,tn_512_3078_2560_ld_2560_2560_512,Default,0.295231
GemmTunableOp_Half_TN,tn_320_3078_2560_ld_2560_2560_320,Gemm_Rocblas_-1086326082,0.311532
GemmTunableOp_Half_TN,tn_2560_3078_160_ld_160_160_2560,Default,0.110674
GemmTunableOp_Half_NN,nn_1_3078_2560_ld_1_2560_1,Gemm_Rocblas_-9,0.0415152
GemmTunableOp_Half_TN,tn_10240_3078_2560_ld_2560_2560_10240,Default,6.21221
GemmTunableOp_Half_TN,tn_2560_3078_2560_ld_2560_2560_2560,Gemm_Rocblas_-1086326277,1.69348
GemmTunableOp_Half_TN,tn_3584_3078_2560_ld_2560_2560_3584,Default,2.26381
GemmTunableOp_Half_TN,tn_640_3078_2560_ld_2560_2560_640,Gemm_Rocblas_-1086326047,0.469008
GemmTunableOp_Half_TN,tn_320_3078_10240_ld_10240_10240_320,Gemm_Rocblas_-1086326082,1.19231
GemmTunableOp_Half_TN,tn_336_3079_10240_ld_10240_10240_336,Gemm_Rocblas_-1086326082,1.14606
GemmTunableOp_Half_TN,tn_10240_3079_320_ld_320_320_10240,Default,0.770903
GemmTunableOp_Half_TN,tn_4096_3079_2560_ld_2560_2560_4096,Gemm_Rocblas_-1086326063,2.76434
GemmTunableOp_Half_TN,tn_24_3079_2560_ld_2560_2560_24,Gemm_Rocblas_-1086326246,0.0714116
GemmTunableOp_Half_TN,tn_2560_3079_1536_ld_1536_1536_2560,Default,0.948695
GemmTunableOp_Half_TN,tn_512_3079_2560_ld_2560_2560_512,Default,0.297994
GemmTunableOp_Half_TN,tn_320_3079_2560_ld_2560_2560_320,Gemm_Rocblas_-1086326082,0.318454
GemmTunableOp_Half_TN,tn_2560_3079_160_ld_160_160_2560,Default,0.110525
GemmTunableOp_Half_NN,nn_1_3079_2560_ld_1_2560_1,Gemm_Rocblas_-9,0.0415124
GemmTunableOp_Half_TN,tn_10240_3079_2560_ld_2560_2560_10240,Default,6.54225
GemmTunableOp_Half_TN,tn_2560_3079_2560_ld_2560_2560_2560,Gemm_Rocblas_-1086326277,1.64891
GemmTunableOp_Half_TN,tn_3584_3079_2560_ld_2560_2560_3584,Default,2.34841
GemmTunableOp_Half_TN,tn_640_3079_2560_ld_2560_2560_640,Gemm_Rocblas_-1086326047,0.454941
GemmTunableOp_Half_TN,tn_320_3079_10240_ld_10240_10240_320,Gemm_Rocblas_-1086326082,1.18616
GemmTunableOp_Half_TN,tn_336_1025_10240_ld_10240_10240_336,Gemm_Rocblas_-1086326128,0.42512
GemmTunableOp_Half_TN,tn_10240_1025_320_ld_320_320_10240,Gemm_Rocblas_-1086326295,0.304326
GemmTunableOp_Half_TN,tn_4096_1025_2560_ld_2560_2560_4096,Gemm_Rocblas_-1086326277,1.03381
GemmTunableOp_Half_TN,tn_24_1025_2560_ld_2560_2560_24,Gemm_Rocblas_-1086326202,0.0438156
GemmTunableOp_Half_TN,tn_2560_1025_1536_ld_1536_1536_2560,Default,0.362443
GemmTunableOp_Half_TN,tn_512_1025_2560_ld_2560_2560_512,Gemm_Rocblas_-1086326046,0.131147
GemmTunableOp_Half_TN,tn_320_1025_2560_ld_2560_2560_320,Gemm_Rocblas_-1086326128,0.125786
GemmTunableOp_Half_TN,tn_2560_1025_160_ld_160_160_2560,Gemm_Rocblas_-1086326068,0.04944
GemmTunableOp_Half_NN,nn_1_1025_2560_ld_1_2560_1,Gemm_Rocblas_-9,0.020324
GemmTunableOp_Half_TN,tn_10240_1025_2560_ld_2560_2560_10240,Gemm_Rocblas_-1086326045,2.43968
GemmTunableOp_Half_TN,tn_2560_1025_2560_ld_2560_2560_2560,Default,0.656046
GemmTunableOp_Half_TN,tn_3584_1025_2560_ld_2560_2560_3584,Default,0.746028
GemmTunableOp_Half_TN,tn_640_1025_2560_ld_2560_2560_640,Gemm_Rocblas_-1086326085,0.212356
GemmTunableOp_Half_TN,tn_320_1025_10240_ld_10240_10240_320,Gemm_Rocblas_-1086326082,0.435467
GemmTunableOp_Half_TN,tn_336_56_10240_ld_10240_10240_336,Gemm_Rocblas_-1086326202,0.099436
GemmTunableOp_Half_TN,tn_10240_56_320_ld_320_320_10240,Gemm_Rocblas_-1086326262,0.0399724
GemmTunableOp_Half_TN,tn_4096_56_2560_ld_2560_2560_4096,Gemm_Rocblas_-1086326044,0.109091
GemmTunableOp_Half_TN,tn_24_56_2560_ld_2560_2560_24,Gemm_Rocblas_-1086326212,0.0224968
GemmTunableOp_Half_TN,tn_2560_56_1536_ld_1536_1536_2560,Gemm_Rocblas_-1086326140,0.0624264
GemmTunableOp_Half_TN,tn_512_56_2560_ld_2560_2560_512,Gemm_Rocblas_-1086326205,0.0433952
GemmTunableOp_Half_TN,tn_320_56_2560_ld_2560_2560_320,Gemm_Rocblas_-1086326200,0.0378184
GemmTunableOp_Half_TN,tn_2560_56_160_ld_160_160_2560,Gemm_Rocblas_-1086326241,0.0143476
GemmTunableOp_Half_NN,nn_1_56_2560_ld_1_2560_1,Gemm_Rocblas_-9,0.013152
GemmTunableOp_Half_TN,tn_10240_56_2560_ld_2560_2560_10240,Gemm_Rocblas_-1086326044,0.214812
GemmTunableOp_Half_TN,tn_2560_56_2560_ld_2560_2560_2560,Gemm_Rocblas_-1086326129,0.0790684
GemmTunableOp_Half_TN,tn_3584_56_2560_ld_2560_2560_3584,Gemm_Rocblas_-1086326129,0.104748
GemmTunableOp_Half_TN,tn_640_56_2560_ld_2560_2560_640,Gemm_Rocblas_-1086326140,0.0469256
GemmTunableOp_Half_TN,tn_320_56_10240_ld_10240_10240_320,Gemm_Rocblas_-1086326202,0.0994972
GemmTunableOp_Half_TN,tn_336_121_10240_ld_10240_10240_336,Gemm_Rocblas_-1086326139,0.128359
GemmTunableOp_Half_TN,tn_10240_121_320_ld_320_320_10240,Gemm_Rocblas_-1086326089,0.0612412
GemmTunableOp_Half_TN,tn_4096_121_2560_ld_2560_2560_4096,Gemm_Rocblas_-1086326098,0.162963
GemmTunableOp_Half_TN,tn_24_121_2560_ld_2560_2560_24,Gemm_Rocblas_-1086326201,0.0251051
GemmTunableOp_Half_TN,tn_2560_121_1536_ld_1536_1536_2560,Gemm_Rocblas_-1086326122,0.0924368
GemmTunableOp_Half_TN,tn_320_121_2560_ld_2560_2560_320,Gemm_Rocblas_-1086326134,0.0459682
GemmTunableOp_Half_TN,tn_2560_121_160_ld_160_160_2560,Gemm_Rocblas_-1086326243,0.0182354
GemmTunableOp_Half_NN,nn_1_121_2560_ld_1_2560_1,Gemm_Rocblas_-9,0.0136982
GemmTunableOp_Half_TN,tn_512_121_2560_ld_2560_2560_512,Gemm_Rocblas_-1086326129,0.0519346
GemmTunableOp_Half_TN,tn_10240_121_2560_ld_2560_2560_10240,Gemm_Rocblas_-1086326077,0.336982
GemmTunableOp_Half_TN,tn_2560_121_2560_ld_2560_2560_2560,Gemm_Rocblas_-1086326133,0.140327
GemmTunableOp_Half_TN,tn_3584_121_2560_ld_2560_2560_3584,Default,0.153721
GemmTunableOp_Half_TN,tn_640_121_2560_ld_2560_2560_640,Gemm_Rocblas_-1086326140,0.0560759
GemmTunableOp_Half_TN,tn_320_121_10240_ld_10240_10240_320,Gemm_Rocblas_-1086326134,0.129718
GemmTunableOp_Half_TN,tn_336_44_10240_ld_10240_10240_336,Gemm_Rocblas_-1086326204,0.0884283
GemmTunableOp_Half_TN,tn_10240_44_320_ld_320_320_10240,Gemm_Rocblas_-1086326262,0.0396337
GemmTunableOp_Half_TN,tn_4096_44_2560_ld_2560_2560_4096,Gemm_Rocblas_-1086326140,0.110168
GemmTunableOp_Half_TN,tn_24_44_2560_ld_2560_2560_24,Gemm_Rocblas_-1086326206,0.0235915
GemmTunableOp_Half_TN,tn_2560_44_1536_ld_1536_1536_2560,Gemm_Rocblas_-1086326140,0.0617716
GemmTunableOp_Half_TN,tn_320_44_2560_ld_2560_2560_320,Gemm_Rocblas_-1086326200,0.0344593
GemmTunableOp_Half_TN,tn_2560_44_160_ld_160_160_2560,Gemm_Rocblas_-1086326241,0.0144842
GemmTunableOp_Half_NN,nn_1_44_2560_ld_1_2560_1,Gemm_Rocblas_-9,0.013527
GemmTunableOp_Half_TN,tn_512_44_2560_ld_2560_2560_512,Gemm_Rocblas_-1086326204,0.044097
GemmTunableOp_Half_TN,tn_10240_44_2560_ld_2560_2560_10240,Gemm_Rocblas_-1086326044,0.203517
GemmTunableOp_Half_TN,tn_2560_44_2560_ld_2560_2560_2560,Gemm_Rocblas_-1086326140,0.0788078
GemmTunableOp_Half_TN,tn_3584_44_2560_ld_2560_2560_3584,Gemm_Rocblas_-1086326129,0.104056
GemmTunableOp_Half_TN,tn_640_44_2560_ld_2560_2560_640,Gemm_Rocblas_-1086326140,0.0473394
GemmTunableOp_Half_TN,tn_320_44_10240_ld_10240_10240_320,Gemm_Rocblas_-1086326210,0.0877411
GemmTunableOp_Half_TN,tn_336_43_10240_ld_10240_10240_336,Gemm_Rocblas_-1086326210,0.0883636
GemmTunableOp_Half_TN,tn_10240_43_320_ld_320_320_10240,Gemm_Rocblas_-1086326262,0.0398921
GemmTunableOp_Half_TN,tn_4096_43_2560_ld_2560_2560_4096,Gemm_Rocblas_-1086326096,0.111533
GemmTunableOp_Half_TN,tn_24_43_2560_ld_2560_2560_24,Gemm_Rocblas_-1086326201,0.0233715
GemmTunableOp_Half_TN,tn_2560_43_1536_ld_1536_1536_2560,Gemm_Rocblas_-1086326134,0.0612284
GemmTunableOp_Half_TN,tn_320_43_2560_ld_2560_2560_320,Gemm_Rocblas_-1086326200,0.0342737
GemmTunableOp_Half_TN,tn_2560_43_160_ld_160_160_2560,Gemm_Rocblas_-1086326241,0.014483
GemmTunableOp_Half_NN,nn_1_43_2560_ld_1_2560_1,Gemm_Rocblas_-9,0.0136794
GemmTunableOp_Half_TN,tn_512_43_2560_ld_2560_2560_512,Gemm_Rocblas_-1086326200,0.0440018
GemmTunableOp_Half_TN,tn_10240_43_2560_ld_2560_2560_10240,Gemm_Rocblas_-1086326044,0.204601
GemmTunableOp_Half_TN,tn_2560_43_2560_ld_2560_2560_2560,Gemm_Rocblas_-1086326134,0.077941
GemmTunableOp_Half_TN,tn_3584_43_2560_ld_2560_2560_3584,Gemm_Rocblas_-1086326127,0.103016
GemmTunableOp_Half_TN,tn_640_43_2560_ld_2560_2560_640,Gemm_Rocblas_-1086326129,0.047953
GemmTunableOp_Half_TN,tn_320_43_10240_ld_10240_10240_320,Gemm_Rocblas_-1086326200,0.0874
GemmTunableOp_Half_TN,tn_336_64_10240_ld_10240_10240_336,Gemm_Rocblas_-1086326202,0.103812
GemmTunableOp_Half_TN,tn_10240_64_320_ld_320_320_10240,Gemm_Rocblas_-1086326033,0.034694
GemmTunableOp_Half_TN,tn_4096_64_2560_ld_2560_2560_4096,Gemm_Rocblas_-1086326129,0.100024
GemmTunableOp_Half_TN,tn_24_64_2560_ld_2560_2560_24,Gemm_Rocblas_-1086326201,0.0234759
GemmTunableOp_Half_TN,tn_2560_64_1536_ld_1536_1536_2560,Gemm_Rocblas_-1086326140,0.0527402
GemmTunableOp_Half_TN,tn_320_64_2560_ld_2560_2560_320,Gemm_Rocblas_-1086326204,0.0389709
GemmTunableOp_Half_TN,tn_2560_64_160_ld_160_160_2560,Gemm_Rocblas_-1086326242,0.0141542
GemmTunableOp_Half_NN,nn_1_64_2560_ld_1_2560_1,Gemm_Rocblas_-9,0.014145
GemmTunableOp_Half_TN,tn_512_64_2560_ld_2560_2560_512,Gemm_Rocblas_-1086326211,0.0443302
GemmTunableOp_Half_TN,tn_10240_64_2560_ld_2560_2560_10240,Gemm_Rocblas_-1086326044,0.197026
GemmTunableOp_Half_TN,tn_2560_64_2560_ld_2560_2560_2560,Gemm_Rocblas_-1086326140,0.0721813
GemmTunableOp_Half_TN,tn_3584_64_2560_ld_2560_2560_3584,Gemm_Rocblas_-1086326129,0.0916924
GemmTunableOp_Half_TN,tn_320_64_10240_ld_10240_10240_320,Gemm_Rocblas_-1086326202,0.103375
GemmTunableOp_Half_TN,tn_336_32_10240_ld_10240_10240_336,Gemm_Rocblas_-1086326204,0.0676965
GemmTunableOp_Half_TN,tn_10240_32_320_ld_320_320_10240,Gemm_Rocblas_-1086326242,0.0302236
GemmTunableOp_Half_TN,tn_4096_32_2560_ld_2560_2560_4096,Gemm_Rocblas_-1086326246,0.0863007
GemmTunableOp_Half_TN,tn_24_32_2560_ld_2560_2560_24,Gemm_Rocblas_-1086326201,0.0234163
GemmTunableOp_Half_TN,tn_2560_32_1536_ld_1536_1536_2560,Gemm_Rocblas_-1086326246,0.050649
GemmTunableOp_Half_TN,tn_320_32_2560_ld_2560_2560_320,Gemm_Rocblas_-1086326204,0.0254779
GemmTunableOp_Half_TN,tn_2560_32_160_ld_160_160_2560,Gemm_Rocblas_-1086326241,0.0130925
GemmTunableOp_Half_NN,nn_1_32_2560_ld_1_2560_1,Gemm_Rocblas_-9,0.0135538
GemmTunableOp_Half_TN,tn_512_32_2560_ld_2560_2560_512,Gemm_Rocblas_-1086326210,0.035174
GemmTunableOp_Half_TN,tn_10240_32_2560_ld_2560_2560_10240,Gemm_Rocblas_-1086326246,0.192082
GemmTunableOp_Half_TN,tn_2560_32_2560_ld_2560_2560_2560,Gemm_Rocblas_-1086326134,0.0748833
GemmTunableOp_Half_TN,tn_3584_32_2560_ld_2560_2560_3584,Gemm_Rocblas_-1086326246,0.0848079
GemmTunableOp_Half_TN,tn_320_32_10240_ld_10240_10240_320,Gemm_Rocblas_-1086326200,0.0671097
GemmTunableOp_Half_TN,tn_336_225_10240_ld_10240_10240_336,Gemm_Rocblas_-1086326134,0.151287
GemmTunableOp_Half_TN,tn_10240_225_320_ld_320_320_10240,Gemm_Rocblas_-1086326044,0.0873392
GemmTunableOp_Half_TN,tn_4096_225_2560_ld_2560_2560_4096,Gemm_Rocblas_-1086326277,0.268793
GemmTunableOp_Half_TN,tn_24_225_2560_ld_2560_2560_24,Gemm_Rocblas_-1086326210,0.025138
GemmTunableOp_Half_TN,tn_2560_225_1536_ld_1536_1536_2560,Gemm_Rocblas_-1086326044,0.130374
GemmTunableOp_Half_TN,tn_320_225_2560_ld_2560_2560_320,Gemm_Rocblas_-1086326139,0.0538704
GemmTunableOp_Half_TN,tn_2560_225_160_ld_160_160_2560,Gemm_Rocblas_-1086326050,0.028466
GemmTunableOp_Half_NN,nn_1_225_2560_ld_1_2560_1,Gemm_Rocblas_-9,0.0133118
GemmTunableOp_Half_TN,tn_512_225_2560_ld_2560_2560_512,Gemm_Rocblas_-1086326129,0.0574644
GemmTunableOp_Half_TN,tn_10240_225_2560_ld_2560_2560_10240,Gemm_Rocblas_-1086326077,0.60549
GemmTunableOp_Half_TN,tn_2560_225_2560_ld_2560_2560_2560,Gemm_Rocblas_-1086326128,0.2196
GemmTunableOp_Half_TN,tn_3584_225_2560_ld_2560_2560_3584,Gemm_Rocblas_-1086326277,0.261289
GemmTunableOp_Half_TN,tn_640_225_2560_ld_2560_2560_640,Gemm_Rocblas_-1086326134,0.0721542
GemmTunableOp_Half_TN,tn_320_225_10240_ld_10240_10240_320,Gemm_Rocblas_-1086326140,0.149812
GemmTunableOp_Half_TN,tn_336_692_10240_ld_10240_10240_336,Gemm_Rocblas_-1086326082,0.260892
GemmTunableOp_Half_TN,tn_10240_692_320_ld_320_320_10240,Default,0.204121
GemmTunableOp_Half_TN,tn_4096_692_2560_ld_2560_2560_4096,Gemm_Rocblas_-1086326063,0.702596
GemmTunableOp_Half_TN,tn_24_692_2560_ld_2560_2560_24,Gemm_Rocblas_-1086326202,0.0395589
GemmTunableOp_Half_TN,tn_2560_692_1536_ld_1536_1536_2560,Default,0.239893
GemmTunableOp_Half_TN,tn_512_692_2560_ld_2560_2560_512,Gemm_Rocblas_-1086326134,0.125259
GemmTunableOp_Half_TN,tn_320_692_2560_ld_2560_2560_320,Gemm_Rocblas_-1086326082,0.0870831
GemmTunableOp_Half_TN,tn_2560_692_160_ld_160_160_2560,Gemm_Rocblas_-1086326094,0.0409341
GemmTunableOp_Half_NN,nn_1_692_2560_ld_1_2560_1,Gemm_Rocblas_-9,0.0183274
GemmTunableOp_Half_TN,tn_10240_692_2560_ld_2560_2560_10240,Gemm_Rocblas_-1086326063,1.56126
GemmTunableOp_Half_TN,tn_2560_692_2560_ld_2560_2560_2560,Gemm_Rocblas_-1086326063,0.460849
GemmTunableOp_Half_TN,tn_3584_692_2560_ld_2560_2560_3584,Gemm_Rocblas_-1086326077,0.650478
GemmTunableOp_Half_TN,tn_640_692_2560_ld_2560_2560_640,Gemm_Rocblas_-1086326098,0.14804
GemmTunableOp_Half_TN,tn_320_692_10240_ld_10240_10240_320,Gemm_Rocblas_-1086326082,0.265256
GemmTunableOp_Half_TN,tn_336_1693_10240_ld_10240_10240_336,Gemm_Rocblas_-1086326082,0.756918
GemmTunableOp_Half_TN,tn_10240_1693_320_ld_320_320_10240,Gemm_Rocblas_-1086326056,0.507262
GemmTunableOp_Half_TN,tn_4096_1693_2560_ld_2560_2560_4096,Default,1.53221
GemmTunableOp_Half_TN,tn_24_1693_2560_ld_2560_2560_24,Gemm_Rocblas_-1086326139,0.0544963
GemmTunableOp_Half_TN,tn_2560_1693_1536_ld_1536_1536_2560,Default,0.53317
GemmTunableOp_Half_TN,tn_512_1693_2560_ld_2560_2560_512,Gemm_Rocblas_-1086326097,0.246222
GemmTunableOp_Half_TN,tn_320_1693_2560_ld_2560_2560_320,Gemm_Rocblas_-1086326122,0.187535
GemmTunableOp_Half_TN,tn_2560_1693_160_ld_160_160_2560,Default,0.0703482
GemmTunableOp_Half_NN,nn_1_1693_2560_ld_1_2560_1,Gemm_Rocblas_-9,0.0313976
GemmTunableOp_Half_TN,tn_10240_1693_2560_ld_2560_2560_10240,Gemm_Rocblas_-1086326047,3.62911
GemmTunableOp_Half_TN,tn_2560_1693_2560_ld_2560_2560_2560,Gemm_Rocblas_-1086326063,0.986781
GemmTunableOp_Half_TN,tn_3584_1693_2560_ld_2560_2560_3584,Gemm_Rocblas_-1086326063,1.42404
GemmTunableOp_Half_TN,tn_640_1693_2560_ld_2560_2560_640,Gemm_Rocblas_-1086326047,0.251868
GemmTunableOp_Half_TN,tn_320_1693_10240_ld_10240_10240_320,Gemm_Rocblas_-1086326082,0.724076
GemmTunableOp_Half_TN,tn_336_701_10240_ld_10240_10240_336,Gemm_Rocblas_-1086326082,0.267275
GemmTunableOp_Half_TN,tn_10240_701_320_ld_320_320_10240,Default,0.206683
GemmTunableOp_Half_TN,tn_4096_701_2560_ld_2560_2560_4096,Default,0.70776
GemmTunableOp_Half_TN,tn_24_701_2560_ld_2560_2560_24,Gemm_Rocblas_-1086326202,0.0395165
GemmTunableOp_Half_TN,tn_2560_701_1536_ld_1536_1536_2560,Default,0.24091
GemmTunableOp_Half_TN,tn_512_701_2560_ld_2560_2560_512,Gemm_Rocblas_-1086326134,0.12632
GemmTunableOp_Half_TN,tn_320_701_2560_ld_2560_2560_320,Gemm_Rocblas_-1086326082,0.0871861
GemmTunableOp_Half_TN,tn_2560_701_160_ld_160_160_2560,Gemm_Rocblas_-1086326094,0.0412254
GemmTunableOp_Half_NN,nn_1_701_2560_ld_1_2560_1,Gemm_Rocblas_-9,0.0187119
GemmTunableOp_Half_TN,tn_10240_701_2560_ld_2560_2560_10240,Gemm_Rocblas_-1086326063,1.53871
GemmTunableOp_Half_TN,tn_2560_701_2560_ld_2560_2560_2560,Gemm_Rocblas_-1086326079,0.459616
GemmTunableOp_Half_TN,tn_3584_701_2560_ld_2560_2560_3584,Gemm_Rocblas_-1086326077,0.663555
GemmTunableOp_Half_TN,tn_640_701_2560_ld_2560_2560_640,Gemm_Rocblas_-1086326098,0.148949
GemmTunableOp_Half_TN,tn_320_701_10240_ld_10240_10240_320,Gemm_Rocblas_-1086326082,0.273472
GemmTunableOp_Half_TN,tn_336_1399_10240_ld_10240_10240_336,Gemm_Rocblas_-1086326124,0.582266
GemmTunableOp_Half_TN,tn_10240_1399_320_ld_320_320_10240,Gemm_Rocblas_-1086326295,0.410568
GemmTunableOp_Half_TN,tn_4096_1399_2560_ld_2560_2560_4096,Gemm_Rocblas_-1086326277,1.2528
GemmTunableOp_Half_TN,tn_24_1399_2560_ld_2560_2560_24,Gemm_Rocblas_-1086326202,0.0530596
GemmTunableOp_Half_TN,tn_2560_1399_1536_ld_1536_1536_2560,Default,0.461092
GemmTunableOp_Half_TN,tn_512_1399_2560_ld_2560_2560_512,Gemm_Rocblas_-1086326082,0.218444
GemmTunableOp_Half_TN,tn_320_1399_2560_ld_2560_2560_320,Gemm_Rocblas_-1086326098,0.151781
GemmTunableOp_Half_TN,tn_2560_1399_160_ld_160_160_2560,Default,0.0657409
GemmTunableOp_Half_NN,nn_1_1399_2560_ld_1_2560_1,Gemm_Rocblas_-9,0.0305972
GemmTunableOp_Half_TN,tn_10240_1399_2560_ld_2560_2560_10240,Gemm_Rocblas_-1086326268,2.95732
GemmTunableOp_Half_TN,tn_2560_1399_2560_ld_2560_2560_2560,Gemm_Rocblas_-1086326277,0.896697
GemmTunableOp_Half_TN,tn_3584_1399_2560_ld_2560_2560_3584,Gemm_Rocblas_-1086326063,1.20049
GemmTunableOp_Half_TN,tn_640_1399_2560_ld_2560_2560_640,Gemm_Rocblas_-1086326047,0.25075
GemmTunableOp_Half_TN,tn_320_1399_10240_ld_10240_10240_320,Gemm_Rocblas_-1086326062,0.54648
GemmTunableOp_Half_TN,tn_336_1969_10240_ld_10240_10240_336,Gemm_Rocblas_-1086326063,0.883586
GemmTunableOp_Half_TN,tn_10240_1969_320_ld_320_320_10240,Default,0.552502
GemmTunableOp_Half_TN,tn_4096_1969_2560_ld_2560_2560_4096,Gemm_Rocblas_-1086326268,1.89514
GemmTunableOp_Half_TN,tn_24_1969_2560_ld_2560_2560_24,Gemm_Rocblas_-1086326139,0.0619115
GemmTunableOp_Half_TN,tn_2560_1969_1536_ld_1536_1536_2560,Default,0.714112
GemmTunableOp_Half_TN,tn_512_1969_2560_ld_2560_2560_512,Gemm_Rocblas_-1086326098,0.280864
GemmTunableOp_Half_TN,tn_320_1969_2560_ld_2560_2560_320,Gemm_Rocblas_-1086326060,0.22775
GemmTunableOp_Half_TN,tn_2560_1969_160_ld_160_160_2560,Default,0.0752245
GemmTunableOp_Half_NN,nn_1_1969_2560_ld_1_2560_1,Gemm_Rocblas_-9,0.0325994
GemmTunableOp_Half_TN,tn_10240_1969_2560_ld_2560_2560_10240,Gemm_Rocblas_-1086326040,4.09978
GemmTunableOp_Half_TN,tn_2560_1969_2560_ld_2560_2560_2560,Gemm_Rocblas_-1086326277,1.16812
GemmTunableOp_Half_TN,tn_3584_1969_2560_ld_2560_2560_3584,Default,1.63753
GemmTunableOp_Half_TN,tn_640_1969_2560_ld_2560_2560_640,Default,0.347832
GemmTunableOp_Half_TN,tn_320_1969_10240_ld_10240_10240_320,Gemm_Rocblas_-1086326079,0.874248
GemmTunableOp_Half_TN,tn_640_16384_2560_ld_2560_2560_640,Gemm_Rocblas_-1086326063,1.65084
GemmTunableOp_Half_TN,tn_336_1495_10240_ld_10240_10240_336,Gemm_Rocblas_-1086326078,0.606159
GemmTunableOp_Half_TN,tn_640_32_2560_ld_2560_2560_640,Gemm_Rocblas_-1086326202,0.0378556
GemmTunableOp_Half_TN,tn_336_24_10240_ld_10240_10240_336,Gemm_Rocblas_-1086326200,0.0643936
GemmTunableOp_Half_TN,tn_10240_1495_320_ld_320_320_10240,Default,0.426743
GemmTunableOp_Half_TN,tn_10240_24_320_ld_320_320_10240,Gemm_Rocblas_-1086326243,0.0302
GemmTunableOp_Half_TN,tn_4096_24_2560_ld_2560_2560_4096,Gemm_Rocblas_-1086326246,0.081316
GemmTunableOp_Half_TN,tn_24_24_2560_ld_2560_2560_24,Gemm_Rocblas_-1086326201,0.0223808
GemmTunableOp_Half_TN,tn_2560_24_1536_ld_1536_1536_2560,Gemm_Rocblas_-1086326246,0.0477996
GemmTunableOp_Half_TN,tn_512_24_2560_ld_2560_2560_512,Gemm_Rocblas_-1086326210,0.034068
GemmTunableOp_Half_TN,tn_320_24_2560_ld_2560_2560_320,Gemm_Rocblas_-1086326200,0.0246812
GemmTunableOp_Half_TN,tn_2560_24_160_ld_160_160_2560,Gemm_Rocblas_-1086326143,0.013448
GemmTunableOp_Half_NN,nn_1_24_2560_ld_1_2560_1,Gemm_Rocblas_-9,0.0130428
GemmTunableOp_Half_TN,tn_10240_24_2560_ld_2560_2560_10240,Gemm_Rocblas_-1086326246,0.173288
GemmTunableOp_Half_TN,tn_2560_24_2560_ld_2560_2560_2560,Gemm_Rocblas_-1086326140,0.0682752
GemmTunableOp_Half_TN,tn_3584_24_2560_ld_2560_2560_3584,Gemm_Rocblas_-1086326246,0.0804224
GemmTunableOp_Half_TN,tn_640_24_2560_ld_2560_2560_640,Gemm_Rocblas_-1086326204,0.0373676
GemmTunableOp_Half_TN,tn_320_24_10240_ld_10240_10240_320,Gemm_Rocblas_-1086326200,0.06331
GemmTunableOp_Half_TN,tn_336_12_10240_ld_10240_10240_336,Gemm_Rocblas_-1086326214,0.0588408
GemmTunableOp_Half_TN,tn_4096_1495_2560_ld_2560_2560_4096,Default,1.42944
GemmTunableOp_Half_TN,tn_10240_12_320_ld_320_320_10240,Gemm_Rocblas_-1086326152,0.02865
GemmTunableOp_Half_TN,tn_24_1495_2560_ld_2560_2560_24,Gemm_Rocblas_-1086326139,0.0541025
GemmTunableOp_Half_TN,tn_4096_12_2560_ld_2560_2560_4096,Gemm_Rocblas_-1086326157,0.080224
GemmTunableOp_Half_TN,tn_24_12_2560_ld_2560_2560_24,Gemm_Rocblas_-1086326212,0.0224692
GemmTunableOp_Half_TN,tn_2560_12_1536_ld_1536_1536_2560,Gemm_Rocblas_-1086326284,0.04099
GemmTunableOp_Half_TN,tn_512_12_2560_ld_2560_2560_512,Gemm_Rocblas_-1086326200,0.0243624
GemmTunableOp_Half_TN,tn_320_12_2560_ld_2560_2560_320,Gemm_Rocblas_-1086326200,0.0237404
GemmTunableOp_Half_TN,tn_2560_12_160_ld_160_160_2560,Gemm_Rocblas_-1086326227,0.012372
GemmTunableOp_Half_NN,nn_1_12_2560_ld_1_2560_1,Gemm_Rocblas_-9,0.0130648
GemmTunableOp_Half_TN,tn_2560_1495_1536_ld_1536_1536_2560,Default,0.505883
GemmTunableOp_Half_TN,tn_10240_12_2560_ld_2560_2560_10240,Gemm_Rocblas_-1086326157,0.166367
GemmTunableOp_Half_TN,tn_2560_12_2560_ld_2560_2560_2560,Gemm_Rocblas_-1086326194,0.0593548
GemmTunableOp_Half_TN,tn_3584_12_2560_ld_2560_2560_3584,Gemm_Rocblas_-1086326284,0.0743304
GemmTunableOp_Half_TN,tn_640_12_2560_ld_2560_2560_640,Gemm_Rocblas_-1086326204,0.0250032
GemmTunableOp_Half_TN,tn_512_1495_2560_ld_2560_2560_512,Gemm_Rocblas_-1086326044,0.238457
GemmTunableOp_Half_TN,tn_320_12_10240_ld_10240_10240_320,Gemm_Rocblas_-1086326214,0.0591872
GemmTunableOp_Half_TN,tn_320_1495_2560_ld_2560_2560_320,Gemm_Rocblas_-1086326077,0.157253
GemmTunableOp_Half_TN,tn_2560_1495_160_ld_160_160_2560,Default,0.0653296
GemmTunableOp_Half_NN,nn_1_1495_2560_ld_1_2560_1,Gemm_Rocblas_-9,0.0310157
GemmTunableOp_Half_TN,tn_640_96_2560_ld_2560_2560_640,Gemm_Rocblas_-1086326129,0.0523272
GemmTunableOp_Half_TN,tn_640_48_2560_ld_2560_2560_640,Gemm_Rocblas_-1086326129,0.0457552
GemmTunableOp_Half_TN,tn_62080_32_2560_ld_2560_2560_62080,Gemm_Rocblas_-1086326064,1.19107
GemmTunableOp_Half_TN,tn_640_128_2560_ld_2560_2560_640,Gemm_Rocblas_-1086326129,0.0507144
GemmTunableOp_Half_TN,tn_62080_24_2560_ld_2560_2560_62080,Gemm_Rocblas_-1086326064,1.21218
GemmTunableOp_Half_TN,tn_10240_1495_2560_ld_2560_2560_10240,Default,3.24004
GemmTunableOp_Half_TN,tn_2560_1495_2560_ld_2560_2560_2560,Gemm_Rocblas_-1086326063,0.917668
GemmTunableOp_Half_TN,tn_3584_1495_2560_ld_2560_2560_3584,Default,1.23743
GemmTunableOp_Half_TN,tn_640_1495_2560_ld_2560_2560_640,Gemm_Rocblas_-1086326277,0.25837
GemmTunableOp_Half_TN,tn_320_1495_10240_ld_10240_10240_320,Gemm_Rocblas_-1086326062,0.557718
GemmTunableOp_Half_TN,tn_640_8192_2560_ld_2560_2560_640,Gemm_Rocblas_-1086326063,1.03808
GemmTunableOp_Half_TN,tn_640_12300_2560_ld_2560_2560_640,Gemm_Rocblas_-1086326079,1.62338
GemmTunableOp_Half_TN,tn_336_3084_10240_ld_10240_10240_336,Gemm_Rocblas_-1086326082,1.17781
GemmTunableOp_Half_TN,tn_10240_3084_320_ld_320_320_10240,Default,0.812031
GemmTunableOp_Half_TN,tn_4096_3084_2560_ld_2560_2560_4096,Gemm_Rocblas_-1086326063,2.66843
GemmTunableOp_Half_TN,tn_24_3084_2560_ld_2560_2560_24,Gemm_Rocblas_-1086326246,0.0705064
GemmTunableOp_Half_TN,tn_2560_3084_1536_ld_1536_1536_2560,Default,0.854497
GemmTunableOp_Half_TN,tn_512_3084_2560_ld_2560_2560_512,Default,0.295859
GemmTunableOp_Half_TN,tn_320_3084_2560_ld_2560_2560_320,Gemm_Rocblas_-1086326082,0.29279
GemmTunableOp_Half_TN,tn_2560_3084_160_ld_160_160_2560,Default,0.109381
GemmTunableOp_Half_NN,nn_1_3084_2560_ld_1_2560_1,Gemm_Rocblas_-9,0.041532
GemmTunableOp_Half_TN,tn_10240_3084_2560_ld_2560_2560_10240,Default,6.5253
GemmTunableOp_Half_TN,tn_2560_3084_2560_ld_2560_2560_2560,Default,1.70057
GemmTunableOp_Half_TN,tn_3584_3084_2560_ld_2560_2560_3584,Default,2.3536
GemmTunableOp_Half_TN,tn_640_3084_2560_ld_2560_2560_640,Gemm_Rocblas_-1086326047,0.429115
GemmTunableOp_Half_TN,tn_320_3084_10240_ld_10240_10240_320,Gemm_Rocblas_-1086326082,1.21495
GemmTunableOp_Half_TN,tn_62080_15_2560_ld_2560_2560_62080,Gemm_Rocblas_-1086326159,1.0722
GemmTunableOp_Half_TN,tn_640_12336_2560_ld_2560_2560_640,Default,1.34672
GemmTunableOp_Half_TN,tn_336_1045_10240_ld_10240_10240_336,Gemm_Rocblas_-1086326082,0.457636
GemmTunableOp_Half_TN,tn_10240_1045_320_ld_320_320_10240,Gemm_Rocblas_-1086326295,0.316463
GemmTunableOp_Half_TN,tn_4096_1045_2560_ld_2560_2560_4096,Gemm_Rocblas_-1086326277,1.03194
GemmTunableOp_Half_TN,tn_24_1045_2560_ld_2560_2560_24,Gemm_Rocblas_-1086326202,0.0436892
GemmTunableOp_Half_TN,tn_2560_1045_1536_ld_1536_1536_2560,Default,0.36482
GemmTunableOp_Half_TN,tn_512_1045_2560_ld_2560_2560_512,Gemm_Rocblas_-1086326045,0.137185
GemmTunableOp_Half_TN,tn_320_1045_2560_ld_2560_2560_320,Gemm_Rocblas_-1086326083,0.131679
GemmTunableOp_Half_TN,tn_2560_1045_160_ld_160_160_2560,Default,0.0493788
GemmTunableOp_Half_NN,nn_1_1045_2560_ld_1_2560_1,Gemm_Rocblas_-9,0.0203052
GemmTunableOp_Half_TN,tn_10240_1045_2560_ld_2560_2560_10240,Gemm_Rocblas_-1086326045,2.33782
GemmTunableOp_Half_TN,tn_2560_1045_2560_ld_2560_2560_2560,Default,0.655509
GemmTunableOp_Half_TN,tn_3584_1045_2560_ld_2560_2560_3584,Default,0.747297
GemmTunableOp_Half_TN,tn_640_1045_2560_ld_2560_2560_640,Gemm_Rocblas_-1086326085,0.214214
GemmTunableOp_Half_TN,tn_320_1045_10240_ld_10240_10240_320,Gemm_Rocblas_-1086326082,0.439119
GemmTunableOp_Half_TN,tn_62080_22_2560_ld_2560_2560_62080,Gemm_Rocblas_-1086326246,1.20435
GemmTunableOp_Half_TN,tn_640_4180_2560_ld_2560_2560_640,Default,0.517863
GemmTunableOp_Half_TN,tn_62080_21_2560_ld_2560_2560_62080,Gemm_Rocblas_-1086326246,1.21048
GemmTunableOp_Half_TN,tn_62080_18_2560_ld_2560_2560_62080,Gemm_Rocblas_-1086326246,1.18268
GemmTunableOp_Half_TN,tn_62080_12_2560_ld_2560_2560_62080,Gemm_Rocblas_-1086326177,1.055
GemmTunableOp_Half_TN,tn_62080_9_2560_ld_2560_2560_62080,Gemm_Rocblas_-1086326282,1.03559
GemmTunableOp_Half_TN,tn_640_12312_2560_ld_2560_2560_640,Gemm_Rocblas_-1086326079,1.65068
GemmTunableOp_Half_TN,tn_336_3081_10240_ld_10240_10240_336,Gemm_Rocblas_-1086326082,1.18837
GemmTunableOp_Half_TN,tn_10240_3081_320_ld_320_320_10240,Default,0.783038
GemmTunableOp_Half_TN,tn_4096_3081_2560_ld_2560_2560_4096,Gemm_Rocblas_-1086326063,2.72015
GemmTunableOp_Half_TN,tn_24_3081_2560_ld_2560_2560_24,Gemm_Rocblas_-1086326246,0.0703724
GemmTunableOp_Half_TN,tn_2560_3081_1536_ld_1536_1536_2560,Gemm_Rocblas_-1086326063,1.04579
GemmTunableOp_Half_TN,tn_512_3081_2560_ld_2560_2560_512,Default,0.296527
GemmTunableOp_Half_TN,tn_320_3081_2560_ld_2560_2560_320,Gemm_Rocblas_-1086326082,0.32181
GemmTunableOp_Half_TN,tn_2560_3081_160_ld_160_160_2560,Default,0.111574
GemmTunableOp_Half_NN,nn_1_3081_2560_ld_1_2560_1,Gemm_Rocblas_-9,0.0416104
GemmTunableOp_Half_TN,tn_10240_3081_2560_ld_2560_2560_10240,Default,6.1191
GemmTunableOp_Half_TN,tn_2560_3081_2560_ld_2560_2560_2560,Gemm_Rocblas_-1086326063,1.78066
GemmTunableOp_Half_TN,tn_3584_3081_2560_ld_2560_2560_3584,Default,2.2546
GemmTunableOp_Half_TN,tn_640_3081_2560_ld_2560_2560_640,Gemm_Rocblas_-1086326063,0.470433
GemmTunableOp_Half_TN,tn_320_3081_10240_ld_10240_10240_320,Gemm_Rocblas_-1086326082,1.19527
GemmTunableOp_Half_TN,tn_62080_10_2560_ld_2560_2560_62080,Gemm_Rocblas_-1086326159,1.12644
GemmTunableOp_Half_TN,tn_640_12324_2560_ld_2560_2560_640,Default,1.34629
GemmTunableOp_Half_TN,tn_62080_11_2560_ld_2560_2560_62080,Gemm_Rocblas_-1086326177,1.13007
GemmTunableOp_Half_TN,tn_62080_13_2560_ld_2560_2560_62080,Gemm_Rocblas_-1086326196,1.11294
GemmTunableOp_Half_TN,tn_62080_14_2560_ld_2560_2560_62080,Gemm_Rocblas_-1086326159,1.11342
GemmTunableOp_Half_TN,tn_336_3087_10240_ld_10240_10240_336,Gemm_Rocblas_-1086326082,1.22006
GemmTunableOp_Half_TN,tn_10240_3087_320_ld_320_320_10240,Default,0.800084
GemmTunableOp_Half_TN,tn_4096_3087_2560_ld_2560_2560_4096,Gemm_Rocblas_-1086326063,2.7783
GemmTunableOp_Half_TN,tn_24_3087_2560_ld_2560_2560_24,Gemm_Rocblas_-1086326246,0.0709072
GemmTunableOp_Half_TN,tn_2560_3087_1536_ld_1536_1536_2560,Gemm_Rocblas_-1086326063,1.05627
GemmTunableOp_Half_TN,tn_512_3087_2560_ld_2560_2560_512,Default,0.298657
GemmTunableOp_Half_TN,tn_320_3087_2560_ld_2560_2560_320,Gemm_Rocblas_-1086326082,0.321493
GemmTunableOp_Half_TN,tn_2560_3087_160_ld_160_160_2560,Default,0.113164
GemmTunableOp_Half_NN,nn_1_3087_2560_ld_1_2560_1,Gemm_Rocblas_-9,0.0416228
GemmTunableOp_Half_TN,tn_10240_3087_2560_ld_2560_2560_10240,Default,6.60158
GemmTunableOp_Half_TN,tn_2560_3087_2560_ld_2560_2560_2560,Default,1.61044
GemmTunableOp_Half_TN,tn_3584_3087_2560_ld_2560_2560_3584,Default,2.36661
GemmTunableOp_Half_TN,tn_640_3087_2560_ld_2560_2560_640,Gemm_Rocblas_-1086326047,0.464887
GemmTunableOp_Half_TN,tn_320_3087_10240_ld_10240_10240_320,Gemm_Rocblas_-1086326082,1.20207
GemmTunableOp_Half_TN,tn_640_12348_2560_ld_2560_2560_640,Default,1.36666
GemmTunableOp_Half_TN,tn_62080_17_2560_ld_2560_2560_62080,Gemm_Rocblas_-1086326246,1.23769
GemmTunableOp_Half_TN,tn_336_3090_10240_ld_10240_10240_336,Gemm_Rocblas_-1086326082,1.24827
GemmTunableOp_Half_TN,tn_10240_3090_320_ld_320_320_10240,Default,0.811093
GemmTunableOp_Half_TN,tn_4096_3090_2560_ld_2560_2560_4096,Gemm_Rocblas_-1086326063,2.82308
GemmTunableOp_Half_TN,tn_24_3090_2560_ld_2560_2560_24,Gemm_Rocblas_-1086326246,0.0709912
GemmTunableOp_Half_TN,tn_2560_3090_1536_ld_1536_1536_2560,Gemm_Rocblas_-1086326063,1.06231
GemmTunableOp_Half_TN,tn_512_3090_2560_ld_2560_2560_512,Default,0.298471
GemmTunableOp_Half_TN,tn_320_3090_2560_ld_2560_2560_320,Gemm_Rocblas_-1086326082,0.320858
GemmTunableOp_Half_TN,tn_2560_3090_160_ld_160_160_2560,Default,0.110771
GemmTunableOp_Half_NN,nn_1_3090_2560_ld_1_2560_1,Gemm_Rocblas_-9,0.0416284
GemmTunableOp_Half_TN,tn_10240_3090_2560_ld_2560_2560_10240,Default,6.13546
GemmTunableOp_Half_TN,tn_2560_3090_2560_ld_2560_2560_2560,Gemm_Rocblas_-1086326277,1.76734
GemmTunableOp_Half_TN,tn_3584_3090_2560_ld_2560_2560_3584,Default,2.35817
GemmTunableOp_Half_TN,tn_640_3090_2560_ld_2560_2560_640,Gemm_Rocblas_-1086326047,0.465877
GemmTunableOp_Half_TN,tn_320_3090_10240_ld_10240_10240_320,Gemm_Rocblas_-1086326082,1.19474
GemmTunableOp_Half_TN,tn_62080_19_2560_ld_2560_2560_62080,Gemm_Rocblas_-1086326246,1.27031
GemmTunableOp_Half_TN,tn_640_12360_2560_ld_2560_2560_640,Default,1.34745
GemmTunableOp_Half_TN,tn_62080_20_2560_ld_2560_2560_62080,Gemm_Rocblas_-1086326246,1.2574
GemmTunableOp_Half_TN,tn_336_3093_10240_ld_10240_10240_336,Gemm_Rocblas_-1086326082,1.25533
GemmTunableOp_Half_TN,tn_10240_3093_320_ld_320_320_10240,Default,0.835576
GemmTunableOp_Half_TN,tn_4096_3093_2560_ld_2560_2560_4096,Gemm_Rocblas_-1086326063,2.75278
GemmTunableOp_Half_TN,tn_24_3093_2560_ld_2560_2560_24,Gemm_Rocblas_-1086326246,0.0710172
GemmTunableOp_Half_TN,tn_2560_3093_1536_ld_1536_1536_2560,Gemm_Rocblas_-1086326063,1.08123
GemmTunableOp_Half_TN,tn_512_3093_2560_ld_2560_2560_512,Default,0.297644
GemmTunableOp_Half_TN,tn_320_3093_2560_ld_2560_2560_320,Gemm_Rocblas_-1086326082,0.319337
GemmTunableOp_Half_TN,tn_2560_3093_160_ld_160_160_2560,Default,0.110382
GemmTunableOp_Half_NN,nn_1_3093_2560_ld_1_2560_1,Gemm_Rocblas_-9,0.0416204
GemmTunableOp_Half_TN,tn_10240_3093_2560_ld_2560_2560_10240,Default,6.62044
GemmTunableOp_Half_TN,tn_2560_3093_2560_ld_2560_2560_2560,Gemm_Rocblas_-1086326063,1.7682
GemmTunableOp_Half_TN,tn_3584_3093_2560_ld_2560_2560_3584,Default,2.37483
GemmTunableOp_Half_TN,tn_640_3093_2560_ld_2560_2560_640,Gemm_Rocblas_-1086326047,0.464596
GemmTunableOp_Half_TN,tn_320_3093_10240_ld_10240_10240_320,Gemm_Rocblas_-1086326082,1.19495
GemmTunableOp_Half_TN,tn_640_12372_2560_ld_2560_2560_640,Default,1.36691
GemmTunableOp_Half_TN,tn_336_2069_10240_ld_10240_10240_336,Gemm_Rocblas_-1086326123,0.838725
GemmTunableOp_Half_TN,tn_10240_2069_320_ld_320_320_10240,Gemm_Rocblas_-1086326295,0.60891
GemmTunableOp_Half_TN,tn_4096_2069_2560_ld_2560_2560_4096,Gemm_Rocblas_-1086326047,1.73108
GemmTunableOp_Half_TN,tn_24_2069_2560_ld_2560_2560_24,Gemm_Rocblas_-1086326139,0.0577688
GemmTunableOp_Half_TN,tn_2560_2069_1536_ld_1536_1536_2560,Gemm_Rocblas_-1086326063,0.702155
GemmTunableOp_Half_TN,tn_512_2069_2560_ld_2560_2560_512,Default,0.220476
GemmTunableOp_Half_TN,tn_320_2069_2560_ld_2560_2560_320,Gemm_Rocblas_-1086326273,0.220584
GemmTunableOp_Half_TN,tn_2560_2069_160_ld_160_160_2560,Default,0.0835144
GemmTunableOp_Half_NN,nn_1_2069_2560_ld_1_2560_1,Gemm_Rocblas_-9,0.033746
GemmTunableOp_Half_TN,tn_10240_2069_2560_ld_2560_2560_10240,Default,4.50368
GemmTunableOp_Half_TN,tn_2560_2069_2560_ld_2560_2560_2560,Default,1.19036
GemmTunableOp_Half_TN,tn_3584_2069_2560_ld_2560_2560_3584,Default,1.41448
GemmTunableOp_Half_TN,tn_640_2069_2560_ld_2560_2560_640,Gemm_Rocblas_-1086326277,0.344369
GemmTunableOp_Half_TN,tn_320_2069_10240_ld_10240_10240_320,Gemm_Rocblas_-1086326063,0.863618
GemmTunableOp_Half_TN,tn_640_8276_2560_ld_2560_2560_640,Default,0.943523
GemmTunableOp_Half_TN,tn_336_2066_10240_ld_10240_10240_336,Gemm_Rocblas_-1086326079,0.842695
GemmTunableOp_Half_TN,tn_10240_2066_320_ld_320_320_10240,Gemm_Rocblas_-1086326295,0.609705
GemmTunableOp_Half_TN,tn_4096_2066_2560_ld_2560_2560_4096,Gemm_Rocblas_-1086326063,1.89469
GemmTunableOp_Half_TN,tn_24_2066_2560_ld_2560_2560_24,Gemm_Rocblas_-1086326139,0.0568568
GemmTunableOp_Half_TN,tn_2560_2066_1536_ld_1536_1536_2560,Gemm_Rocblas_-1086326063,0.693515
GemmTunableOp_Half_TN,tn_512_2066_2560_ld_2560_2560_512,Default,0.220412
GemmTunableOp_Half_TN,tn_320_2066_2560_ld_2560_2560_320,Gemm_Rocblas_-1086326273,0.22266
GemmTunableOp_Half_TN,tn_2560_2066_160_ld_160_160_2560,Default,0.0835768
GemmTunableOp_Half_NN,nn_1_2066_2560_ld_1_2560_1,Gemm_Rocblas_-9,0.0338156
GemmTunableOp_Half_TN,tn_10240_2066_2560_ld_2560_2560_10240,Default,4.49778
GemmTunableOp_Half_TN,tn_2560_2066_2560_ld_2560_2560_2560,Default,1.20246
GemmTunableOp_Half_TN,tn_3584_2066_2560_ld_2560_2560_3584,Default,1.52096
GemmTunableOp_Half_TN,tn_640_2066_2560_ld_2560_2560_640,Default,0.350853
GemmTunableOp_Half_TN,tn_320_2066_10240_ld_10240_10240_320,Gemm_Rocblas_-1086326128,0.836258
GemmTunableOp_Half_TN,tn_640_8264_2560_ld_2560_2560_640,Default,0.925878
GemmTunableOp_Half_TN,tn_640_224_2560_ld_2560_2560_640,Gemm_Rocblas_-1086326134,0.069904
GemmTunableOp_Half_TN,tn_336_1027_10240_ld_10240_10240_336,Gemm_Rocblas_-1086326082,0.38294
GemmTunableOp_Half_TN,tn_10240_1027_320_ld_320_320_10240,Default,0.294624
GemmTunableOp_Half_TN,tn_4096_1027_2560_ld_2560_2560_4096,Gemm_Rocblas_-1086326277,1.00025
GemmTunableOp_Half_TN,tn_24_1027_2560_ld_2560_2560_24,Gemm_Rocblas_-1086326202,0.043612
GemmTunableOp_Half_TN,tn_2560_1027_1536_ld_1536_1536_2560,Default,0.34822
GemmTunableOp_Half_TN,tn_512_1027_2560_ld_2560_2560_512,Gemm_Rocblas_-1086326046,0.131766
GemmTunableOp_Half_TN,tn_320_1027_2560_ld_2560_2560_320,Gemm_Rocblas_-1086326128,0.122838
GemmTunableOp_Half_TN,tn_2560_1027_160_ld_160_160_2560,Default,0.0483492
GemmTunableOp_Half_NN,nn_1_1027_2560_ld_1_2560_1,Gemm_Rocblas_-9,0.0202164
GemmTunableOp_Half_TN,tn_10240_1027_2560_ld_2560_2560_10240,Gemm_Rocblas_-1086326045,2.13467
GemmTunableOp_Half_TN,tn_2560_1027_2560_ld_2560_2560_2560,Default,0.668773
GemmTunableOp_Half_TN,tn_3584_1027_2560_ld_2560_2560_3584,Default,0.7402
GemmTunableOp_Half_TN,tn_640_1027_2560_ld_2560_2560_640,Gemm_Rocblas_-1086326085,0.209648
GemmTunableOp_Half_TN,tn_320_1027_10240_ld_10240_10240_320,Gemm_Rocblas_-1086326082,0.446597
GemmTunableOp_Half_TN,tn_640_4108_2560_ld_2560_2560_640,Default,0.597454
GemmTunableOp_Half_TN,tn_336_1042_10240_ld_10240_10240_336,Gemm_Rocblas_-1086326082,0.455212
GemmTunableOp_Half_TN,tn_10240_1042_320_ld_320_320_10240,Gemm_Rocblas_-1086326295,0.31577
GemmTunableOp_Half_TN,tn_4096_1042_2560_ld_2560_2560_4096,Gemm_Rocblas_-1086326277,1.00521
GemmTunableOp_Half_TN,tn_24_1042_2560_ld_2560_2560_24,Gemm_Rocblas_-1086326202,0.043792
GemmTunableOp_Half_TN,tn_2560_1042_1536_ld_1536_1536_2560,Default,0.360463
GemmTunableOp_Half_TN,tn_512_1042_2560_ld_2560_2560_512,Gemm_Rocblas_-1086326045,0.136945
GemmTunableOp_Half_TN,tn_320_1042_2560_ld_2560_2560_320,Gemm_Rocblas_-1086326128,0.127411
GemmTunableOp_Half_TN,tn_2560_1042_160_ld_160_160_2560,Default,0.0488884
GemmTunableOp_Half_NN,nn_1_1042_2560_ld_1_2560_1,Gemm_Rocblas_-9,0.0202284
GemmTunableOp_Half_TN,tn_10240_1042_2560_ld_2560_2560_10240,Gemm_Rocblas_-1086326047,2.29086
GemmTunableOp_Half_TN,tn_2560_1042_2560_ld_2560_2560_2560,Default,0.652362
GemmTunableOp_Half_TN,tn_3584_1042_2560_ld_2560_2560_3584,Default,0.726204
GemmTunableOp_Half_TN,tn_640_1042_2560_ld_2560_2560_640,Gemm_Rocblas_-1086326083,0.21354
GemmTunableOp_Half_TN,tn_320_1042_10240_ld_10240_10240_320,Gemm_Rocblas_-1086326128,0.423577
GemmTunableOp_Half_TN,tn_640_4168_2560_ld_2560_2560_640,Default,0.576554
GemmTunableOp_Half_TN,tn_4096_2_2560_ld_2560_2560_4096,Gemm_Rocblas_-1086326223,0.06841700077056885
GemmTunableOp_Half_TN,tn_10240_2_2560_ld_2560_2560_10240,Gemm_Rocblas_-1086326223,0.14056999683380128
GemmTunableOp_Half_TN,tn_336_2_10240_ld_10240_10240_336,Gemm_Rocblas_-1086326214,0.060152198374271396
GemmTunableOp_Half_TN,tn_10240_1_2560_ld_2560_2560_10240,Gemm_Rocblas_-9,0.10724160075187683
GemmTunableOp_Half_TN,tn_10240_2_320_ld_320_320_10240,Gemm_Rocblas_-1086326217,0.021688200160861017
GemmTunableOp_Half_TN,tn_512_1_2560_ld_2560_2560_512,Gemm_Rocblas_-9,0.017040199786424636
GemmTunableOp_Half_TN,tn_2560_1_1536_ld_1536_1536_2560,Gemm_Rocblas_-9,0.030976199731230735
GemmTunableOp_Half_TN,tn_4096_8_2560_ld_2560_2560_4096,Gemm_Rocblas_-1086326221,0.06844900101423264
GemmTunableOp_Half_TN,tn_336_8_10240_ld_10240_10240_336,Gemm_Rocblas_-1086326214,0.06028099954128265
GemmTunableOp_Half_TN,tn_512_2_2560_ld_2560_2560_512,Gemm_Rocblas_-1086326204,0.027740400284528732
GemmTunableOp_Half_TN,tn_3584_1_2560_ld_2560_2560_3584,Gemm_Rocblas_-9,0.04755259975790978
GemmTunableOp_Half_TN,tn_10240_1_320_ld_320_320_10240,Gemm_Rocblas_-1086326222,0.02121639996767044
GemmTunableOp_Half_TN,tn_336_1_10240_ld_10240_10240_336,Gemm_Rocblas_-9,0.026551999896764756
GemmTunableOp_Half_TN,tn_2560_2_1536_ld_1536_1536_2560,Gemm_Rocblas_-1086326221,0.03944860026240349
GemmTunableOp_Half_TN,tn_2560_4_1536_ld_1536_1536_2560,Gemm_Rocblas_-1086326221,0.03975239917635918
GemmTunableOp_Half_TN,tn_10240_4_2560_ld_2560_2560_10240,Gemm_Rocblas_-1086326223,0.14092200100421906
GemmTunableOp_Half_TN,tn_3584_2_2560_ld_2560_2560_3584,Gemm_Rocblas_-1086326221,0.06656899973750115
GemmTunableOp_Half_TN,tn_336_4_10240_ld_10240_10240_336,Gemm_Rocblas_-1086326212,0.0611210010945797
GemmTunableOp_Half_TN,tn_4096_1_2560_ld_2560_2560_4096,Gemm_Rocblas_-9,0.05216879993677139
GemmTunableOp_Half_TN,tn_4096_4_2560_ld_2560_2560_4096,Gemm_Rocblas_-1086326221,0.06853659898042679
GemmTunableOp_Half_TN,tn_10240_4_320_ld_320_320_10240,Gemm_Rocblas_-1086326220,0.025768399983644486
GemmTunableOp_Half_TN,tn_512_4_2560_ld_2560_2560_512,Gemm_Rocblas_-1086326206,0.027912399917840957
GemmTunableOp_Half_TN,tn_3584_4_2560_ld_2560_2560_3584,Gemm_Rocblas_-1086326221,0.06657699942588806
GemmTunableOp_Half_TN,tn_10240_8_320_ld_320_320_10240,Gemm_Rocblas_-1086326236,0.02592820003628731
GemmTunableOp_Half_TN,tn_2560_8_1536_ld_1536_1536_2560,Gemm_Rocblas_-1086326221,0.03960020020604134
GemmTunableOp_Half_TN,tn_512_8_2560_ld_2560_2560_512,Gemm_Rocblas_-1086326204,0.025495999678969383
GemmTunableOp_Half_TN,tn_10240_8_2560_ld_2560_2560_10240,Gemm_Rocblas_-1086326223,0.141169998049736
GemmTunableOp_Half_TN,tn_3584_8_2560_ld_2560_2560_3584,Gemm_Rocblas_-1086326221,0.06703279986977577
GemmTunableOp_Half_TN,tn_10240_512_320_ld_320_320_10240,Gemm_Rocblas_-1086326045,0.11724959909915925
GemmTunableOp_Half_TN,tn_10240_512_2560_ld_2560_2560_10240,Gemm_Rocblas_-1086326079,1.1476884126663207
GemmTunableOp_Half_TN,tn_336_512_10240_ld_10240_10240_336,Gemm_Rocblas_-1086326134,0.2173550009727478
GemmTunableOp_Half_TN,tn_512_512_2560_ld_2560_2560_512,Gemm_Rocblas_-1086326082,0.08029700070619583
GemmTunableOp_Half_TN,tn_3584_512_2560_ld_2560_2560_3584,Gemm_Rocblas_-1086326047,0.40216599106788636
GemmTunableOp_Half_TN,tn_2560_512_1536_ld_1536_1536_2560,Gemm_Rocblas_-1086326045,0.2074990004301071
