2001,1536,4096,32,8,1.1307,1
2001,1536,4096,32,6,1.1073,1
2001,1536,4096,32,8,1.1298,2
2001,1536,4096,32,6,1.1067,2
2001,5120,4096,32,8,4.5999,1
2001,5120,4096,32,5,5.3407,1
2001,5120,4096,32,8,4.5912,2
2001,5120,4096,32,5,5.3446,2
2001,5120,8704,32,16,10.4291,1
2001,5120,8704,32,10,10.0463,1
2001,5120,8704,32,16,10.4462,2
2001,5120,8704,32,10,10.0370,2
2001,6144,3584,32,4,8.2954,1
2001,6144,3584,32,3,8.2701,1
2001,6144,3584,32,4,8.2996,2
2001,6144,3584,32,3,8.2662,2
2001,6144,4096,32,8,5.5697,1
2001,6144,4096,32,6,6.4369,1
2001,6144,4096,32,8,5.5601,2
2001,6144,4096,32,6,6.4350,2
2001,6144,8704,32,16,12.3009,1
2001,6144,8704,32,12,12.0573,1
2001,6144,8704,32,16,12.3059,2
2001,6144,8704,32,12,12.0903,2
2048,5120,8704,32,16,10.6514,1
2048,5120,8704,32,10,10.2910,1
2048,5120,8704,32,16,10.6427,2
2048,5120,8704,32,10,10.2952,2
2048,6144,3584,32,4,8.4850,1
2048,6144,3584,32,3,8.4920,1
2048,6144,3584,32,4,8.4934,2
2048,6144,3584,32,3,8.4879,2
2048,6144,8704,32,16,12.5296,1
2048,6144,8704,32,12,12.3666,1
2048,6144,8704,32,16,12.5352,2
2048,6144,8704,32,12,12.3551,2
