m,k,n,group,variant,ms,norm,nan
225,1536,3584,32,awq,0.1644,2170.6470,0
225,1536,3584,32,gptq,0.1647,2188.1995,0
225,1536,4096,32,awq,0.1803,2322.5696,0
225,1536,4096,32,gptq,0.1804,2355.8804,0
225,1536,5120,32,awq,0.2237,2594.3872,0
225,1536,5120,32,gptq,0.2235,2644.8530,0
225,1536,8704,32,awq,0.3568,3392.3948,0
225,1536,8704,32,gptq,0.3560,3401.4600,0
225,4352,3584,32,awq,0.3999,nan,1
225,4352,3584,32,gptq,0.4004,nan,1
225,4352,4096,32,awq,0.4480,nan,1
225,4352,4096,32,gptq,0.4478,nan,1
225,4352,5120,32,awq,0.5564,nan,1
225,4352,5120,32,gptq,0.5575,nan,1
225,4352,8704,32,awq,0.9155,nan,1
225,4352,8704,32,gptq,0.9155,nan,1
225,5120,3584,32,awq,0.4367,3967.8013,0
225,5120,3584,32,gptq,0.4363,4011.1365,0
225,5120,4096,32,awq,0.4901,4233.3750,0
225,5120,4096,32,gptq,0.4897,4284.3218,0
225,5120,5120,32,awq,0.6095,4741.9097,0
225,5120,5120,32,gptq,0.6101,4781.5435,0
225,5120,8704,32,awq,1.0016,6180.4033,0
225,5120,8704,32,gptq,1.0013,6241.0029,0
225,6144,3584,32,awq,0.5150,4350.1152,0
225,6144,3584,32,gptq,0.5150,4397.5957,0
225,6144,4096,32,awq,0.5791,4650.7251,0
225,6144,4096,32,gptq,0.5786,4697.0596,0
225,6144,5120,32,awq,0.7214,5191.2437,0
225,6144,5120,32,gptq,0.7210,5250.3057,0
225,6144,8704,32,awq,1.1867,6772.9741,0
225,6144,8704,32,gptq,1.1878,6846.8511,0
225,8704,3584,32,awq,0.7114,5162.8408,0
225,8704,3584,32,gptq,0.7107,5237.3984,0
225,8704,4096,32,awq,0.8023,5517.9785,0
225,8704,4096,32,gptq,0.8010,5579.7388,0
225,8704,5120,32,awq,0.9996,6189.2559,0
225,8704,5120,32,gptq,0.9985,6245.8301,0
225,8704,8704,32,awq,1.6541,8045.1831,0
225,8704,8704,32,gptq,1.6537,8141.6030,0
2001,1536,3584,32,awq,1.0760,6477.3882,0
2001,1536,3584,32,gptq,1.1057,6570.9507,0
2001,1536,4096,32,awq,1.3254,6912.1401,0
2001,1536,4096,32,gptq,1.3157,6993.7866,0
2001,1536,5120,32,awq,1.5454,7715.5210,0
2001,1536,5120,32,gptq,1.5304,7825.5981,0
2001,1536,8704,32,awq,2.6983,10072.0859,0
2001,1536,8704,32,gptq,2.7373,10221.4570,0
2001,4352,3584,32,awq,4.3655,10892.5527,0
2001,4352,3584,32,gptq,4.3881,11034.0176,0
2001,4352,4096,32,awq,3.6687,11666.9141,0
2001,4352,4096,32,gptq,3.6692,11787.7715,0
2001,4352,5120,32,awq,4.8404,13009.0693,0
2001,4352,5120,32,gptq,4.8575,13181.8857,0
2001,4352,8704,32,awq,9.4846,17416.9707,0
2001,4352,8704,32,gptq,9.4735,17610.4707,0
2001,5120,3584,32,awq,5.1713,11833.3398,0
2001,5120,3584,32,gptq,5.1931,11973.3574,0
2001,5120,4096,32,awq,4.3817,12649.7676,0
2001,5120,4096,32,gptq,4.3760,12780.6152,0
2001,5120,5120,32,awq,5.8173,14124.9121,0
2001,5120,5120,32,gptq,5.8323,14293.9531,0
2001,5120,8704,32,awq,10.4345,18418.0137,0
2001,5120,8704,32,gptq,10.4465,18655.5176,0
2001,6144,3584,32,awq,8.1599,12940.4980,0
2001,6144,3584,32,gptq,8.1757,13112.7275,0
2001,6144,4096,32,awq,5.3664,13855.5938,0
2001,6144,4096,32,gptq,5.3816,14012.7949,0
2001,6144,5120,32,awq,8.1293,15469.4092,0
2001,6144,5120,32,gptq,8.1307,15666.7812,0
2001,6144,8704,32,awq,12.4018,20190.9219,0
2001,6144,8704,32,gptq,12.4021,20429.8359,0
2001,8704,3584,32,awq,9.1822,15413.7412,0
2001,8704,3584,32,gptq,9.1632,15603.1895,0
2001,8704,4096,32,awq,8.0944,16486.9102,0
2001,8704,4096,32,gptq,8.0812,16674.6953,0
2001,8704,5120,32,awq,10.2173,18439.9805,0
2001,8704,5120,32,gptq,10.2245,18622.5371,0
2001,8704,8704,32,awq,19.0311,24652.3086,0
2001,8704,8704,32,gptq,19.0731,24957.4277,0
2048,1536,3584,32,awq,1.1508,6559.5078,0
2048,1536,3584,32,gptq,1.1529,6624.8105,0
2048,1536,4096,32,awq,1.3031,7008.7495,0
2048,1536,4096,32,gptq,1.2987,7076.5640,0
2048,1536,5120,32,awq,1.6045,7829.1753,0
2048,1536,5120,32,gptq,1.5811,7927.2280,0
2048,1536,8704,32,awq,2.8010,10197.6348,0
2048,1536,8704,32,gptq,2.8450,10320.7568,0
2048,4352,3584,32,awq,4.5300,11023.4453,0
2048,4352,3584,32,gptq,4.5299,11155.6367,0
2048,4352,4096,32,awq,3.8657,11798.3975,0
2048,4352,4096,32,gptq,3.8722,11925.7178,0
2048,4352,5120,32,awq,5.0390,13183.4844,0
2048,4352,5120,32,gptq,5.0352,13342.7617,0
2048,4352,8704,32,awq,9.7518,17620.3613,0
2048,4352,8704,32,gptq,9.7546,17824.3320,0
2048,5120,3584,32,awq,5.3560,11962.0508,0
2048,5120,3584,32,gptq,5.3802,12091.2803,0
2048,5120,4096,32,awq,4.6380,12769.3896,0
2048,5120,4096,32,gptq,4.6309,12938.7861,0
2048,5120,5120,32,awq,6.0361,14286.7881,0
2048,5120,5120,32,gptq,6.0278,14466.3848,0
2048,5120,8704,32,awq,10.7582,18640.6074,0
2048,5120,8704,32,gptq,10.7589,18876.9531,0
2048,6144,3584,32,awq,8.4609,13102.9092,0
2048,6144,3584,32,gptq,8.4635,13256.0361,0
2048,6144,4096,32,awq,6.5434,14029.5176,0
2048,6144,4096,32,gptq,6.5453,14177.2490,0
2048,6144,5120,32,awq,8.3846,15652.0635,0
2048,6144,5120,32,gptq,8.3800,15870.1924,0
2048,6144,8704,32,awq,12.6896,20432.1152,0
2048,6144,8704,32,gptq,12.6836,20643.8770,0
2048,8704,3584,32,awq,9.4262,15603.0859,0
2048,8704,3584,32,gptq,9.4321,15774.6338,0
2048,8704,4096,32,awq,8.3288,16689.5547,0
2048,8704,4096,32,gptq,8.3324,16857.4336,0
2048,8704,5120,32,awq,10.4978,18640.1738,0
2048,8704,5120,32,gptq,10.5001,18868.4551,0
2048,8704,8704,32,awq,19.4968,24954.5098,0
2048,8704,8704,32,gptq,19.4638,25245.9668,0
